,customer,recency,frequency,monetary
0,cust11,15,16,379165
1,cust20,86,27,793490
2,cust63,28,34,502964
3,cust65,50,37,1502734
4,cust68,126,6,342374
5,cust78,30,52,1138295
6,cust121,21,49,1306570
7,cust130,15,44,891728
8,cust144,59,17,487206
9,cust81,10,61,1747953
10,cust10,52,54,3290850
11,cust270,31,15,238716
12,cust120,16,99,4284673
13,cust328,11,31,354690
14,cust385,304,3,62381
15,cust420,10,53,817237
16,cust261,32,24,1082529
17,cust489,42,62,1382823
18,cust514,56,9,824832
19,cust520,14,30,257466
20,cust132,72,33,630029
21,cust523,17,28,403245
22,cust74,22,27,657057
23,cust231,49,12,280220
24,cust596,42,7,159894
25,cust357,28,7,65050
26,cust172,25,64,2187844
27,cust683,31,16,245905
28,cust686,71,4,261478
29,cust734,364,4,1073337
30,cust739,22,12,211503
31,cust759,24,33,576725
32,cust787,133,1,53210
33,cust8,11,112,3018813
34,cust30,9,86,3647731
35,cust530,14,25,183819
36,cust54,25,31,2172897
37,cust839,11,20,129938
38,cust846,11,18,155089
39,cust848,136,3,472912
40,cust439,17,42,1342728
41,cust131,57,48,1802494
42,cust893,114,5,16857
43,cust3,18,152,23041140
44,cust660,67,6,407809
45,cust1,22,113,4562295
46,cust840,25,14,2191101
47,cust401,31,57,4322357
48,cust113,9,138,4111248
49,cust342,37,57,1626075
50,cust488,16,64,2051041
51,cust156,36,32,1734780
52,cust735,24,14,723673
53,cust134,21,45,674963
54,cust1196,29,7,157296
55,cust1202,57,4,92308
56,cust568,14,67,1104736
57,cust707,114,14,500907
58,cust161,24,117,3220138
59,cust1269,45,13,237276
60,cust533,57,9,177803
61,cust33,23,114,1984923
62,cust818,102,24,1403571
63,cust947,113,23,7781708
64,cust1295,81,7,213573
65,cust164,29,23,1258653
66,cust1277,10,19,264249
67,cust515,70,29,1537550
68,cust1315,79,3,66610
69,cust114,11,63,3479847
70,cust50,22,73,5407730
71,cust39,87,21,831005
72,cust43,11,96,4373106
73,cust139,18,51,1385300
74,cust1345,49,10,305028
75,cust82,136,11,106248
76,cust154,11,15,127188
77,cust62,37,69,3699850
78,cust263,11,67,3412332
79,cust214,35,56,1719725
80,cust67,98,44,1900800
81,cust768,25,16,389111
82,cust1436,37,18,294874
83,cust1143,101,22,267103
84,cust954,163,1,37994
85,cust1040,51,74,923824
86,cust1103,65,16,941932
87,cust1466,193,1,18716
88,cust490,31,19,1588769
89,cust60,99,32,2278454
90,cust230,24,51,1208464
91,cust122,37,26,221316
92,cust962,28,49,1121950
93,cust108,18,79,329917
94,cust1533,23,10,469656
95,cust182,22,115,1422720
96,cust1545,24,57,1381702
97,cust45,14,82,18730945
98,cust2,14,52,816219
99,cust1608,9,4,24677
100,cust606,22,24,1061011
101,cust948,52,18,666372
102,cust1604,71,7,373040
103,cust1368,17,7,260718
104,cust653,22,14,169215
105,cust364,42,41,1809738
106,cust1649,240,1,-8376
107,cust259,37,20,293175
108,cust102,22,49,2105357
109,cust1613,105,9,274555
110,cust234,14,60,1523363
111,cust748,86,9,642543
112,cust1687,16,19,153688
113,cust203,44,63,915242
114,cust163,16,42,9221166
115,cust184,25,57,1784314
116,cust1049,80,4,193562
117,cust1718,18,15,416178
118,cust124,17,65,1147050
119,cust1571,133,14,81368
120,cust1754,74,6,46843
121,cust892,42,10,130577
122,cust864,37,37,813726
123,cust1781,121,1,36331
124,cust269,11,18,184884
125,cust377,11,127,4463408
126,cust1770,52,42,1298821
127,cust362,91,5,1137573
128,cust566,44,18,269146
129,cust211,11,84,2085752
130,cust1895,45,7,78992
131,cust353,36,49,957657
132,cust5,84,6,97122
133,cust1947,87,3,62997
134,cust177,21,81,3632925
135,cust26,22,59,1014610
136,cust19,24,99,1053149
137,cust1992,158,1,9583
138,cust1142,56,27,583477
139,cust162,65,31,463639
140,cust195,52,47,1277552
141,cust1305,9,19,399531
142,cust1960,176,1,360564
143,cust2013,228,2,162717
144,cust300,14,32,621577
145,cust446,36,36,1771080
146,cust2018,102,2,20951
147,cust2040,59,10,663652
148,cust22,58,13,265653
149,cust1541,42,26,184312
150,cust414,23,32,472578
151,cust475,23,39,1072224
152,cust1110,115,19,360107
153,cust71,30,38,3380494
154,cust245,50,20,1053299
155,cust226,10,18,381842
156,cust2118,123,6,50483
157,cust77,43,63,3838000
158,cust277,52,18,812314
159,cust658,81,7,453687
160,cust2144,190,3,247045
161,cust2151,57,14,420522
162,cust481,10,59,1631073
163,cust525,29,31,735008
164,cust1084,84,19,414857
165,cust2199,99,3,107335
166,cust341,18,80,958442
167,cust777,32,12,1183313
168,cust1417,18,48,1081660
169,cust103,17,131,2529445
170,cust981,85,10,364511
171,cust32,11,26,900320
172,cust1333,74,8,258922
173,cust480,11,42,814402
174,cust820,64,25,488836
175,cust191,11,76,2894826
176,cust1473,65,11,339808
177,cust343,21,16,1214570
178,cust13,67,72,1728648
179,cust241,99,11,1673533
180,cust435,9,24,282151
181,cust746,25,4,56578
182,cust1970,22,7,273417
183,cust9,9,86,2690356
184,cust2336,74,1,4876
185,cust2344,77,8,116706
186,cust1076,42,24,681126
187,cust2370,80,3,22427
188,cust92,51,9,25134
189,cust282,32,10,192187
190,cust709,37,21,800388
191,cust1177,64,21,1174279
192,cust552,18,32,460190
193,cust955,10,43,598809
194,cust1369,105,6,890686
195,cust1351,50,15,1350678
196,cust775,37,14,362581
197,cust215,17,80,2149365
198,cust2483,101,2,24524
199,cust48,21,72,839210
200,cust296,15,14,311585
201,cust2159,53,10,149466
202,cust858,63,19,368673
203,cust2497,87,2,10247
204,cust2498,129,2,57958
205,cust732,29,45,394817
206,cust49,71,43,3026895
207,cust2507,161,2,34269
208,cust1872,15,11,115722
209,cust17,114,9,206114
210,cust448,141,15,269763
211,cust186,15,145,4970331
212,cust494,14,28,479035
213,cust458,14,75,3546417
214,cust1746,22,48,1391376
215,cust88,23,36,1343318
216,cust98,56,28,3815419
217,cust198,107,27,1183928
218,cust2583,16,8,97679
219,cust293,78,13,826287
220,cust624,22,13,394355
221,cust2023,66,11,899484
222,cust780,45,17,709389
223,cust465,64,18,416625
224,cust23,21,67,461615
225,cust91,24,41,821576
226,cust2608,72,1,14088
227,cust763,63,16,183834
228,cust2625,73,4,510632
229,cust349,73,6,359464
230,cust79,15,17,263224
231,cust738,43,59,2041071
232,cust1579,177,4,59080
233,cust1411,65,6,184436
234,cust2657,70,9,108577
235,cust689,37,40,2884141
236,cust27,10,45,1288704
237,cust997,72,33,1534891
238,cust330,11,56,1992276
239,cust140,35,39,474296
240,cust189,86,7,133801
241,cust101,30,30,2239246
242,cust1011,25,13,789912
243,cust1450,72,18,2374250
244,cust72,24,3,26440
245,cust1481,29,18,567393
246,cust265,74,33,1984666
247,cust2740,44,5,117759
248,cust84,24,158,10299990
249,cust432,63,18,386432
250,cust100,24,28,723055
251,cust633,310,2,64562
252,cust2762,29,6,23960
253,cust791,15,49,2149674
254,cust217,107,31,1130426
255,cust190,29,69,2116681
256,cust1520,113,22,1306037
257,cust86,22,40,1366898
258,cust18,11,25,293693
259,cust2813,29,6,58034
260,cust1297,23,15,161403
261,cust656,28,16,384716
262,cust58,14,75,6319262
263,cust2284,95,2,14392
264,cust471,38,61,858694
265,cust301,46,12,711030
266,cust136,18,107,3092669
267,cust106,87,20,1423580
268,cust675,18,16,230620
269,cust1734,21,8,43575
270,cust2085,59,10,165175
271,cust382,17,59,468762
272,cust1982,11,20,351309
273,cust2915,42,7,204723
274,cust1234,134,9,343226
275,cust805,24,24,1336067
276,cust799,21,40,425678
277,cust2186,28,11,396495
278,cust267,35,42,680739
279,cust1069,66,9,1653502
280,cust1433,10,14,178936
281,cust1000,24,17,153555
282,cust724,64,13,349877
283,cust888,16,39,4276920
284,cust2998,305,1,62642
285,cust1226,123,19,1435428
286,cust825,11,11,196316
287,cust389,18,70,514705
288,cust1361,100,4,136409
289,cust61,30,25,2129818
290,cust3024,149,2,55883
291,cust3026,85,11,1414778
292,cust2910,95,5,500018
293,cust1309,23,6,327874
294,cust795,66,21,1744159
295,cust417,57,9,532890
296,cust1379,15,19,258550
297,cust1906,325,4,144718
298,cust459,10,12,105499
299,cust531,50,20,709396
300,cust1337,80,3,87252
301,cust279,59,40,722529
302,cust2084,22,4,11037
303,cust355,17,45,770614
304,cust556,56,21,1285704
305,cust960,11,24,375694
306,cust1644,95,4,132168
307,cust70,25,33,984690
308,cust3110,282,1,5652
309,cust201,21,25,262562
310,cust3117,81,9,97838
311,cust831,29,17,87437
312,cust1233,81,3,62353
313,cust395,30,12,326745
314,cust727,65,6,975175
315,cust273,39,74,1025301
316,cust1215,16,41,1085432
317,cust1886,98,30,631461
318,cust268,11,41,709288
319,cust1726,81,8,99772
320,cust155,148,8,488211
321,cust2142,85,3,1134860
322,cust406,46,31,1305862
323,cust232,16,59,1151343
324,cust143,21,60,2154635
325,cust861,63,5,210063
326,cust1719,18,30,428254
327,cust3245,98,1,12580
328,cust229,36,72,4200282
329,cust1067,35,16,354001
330,cust1523,100,2,68295
331,cust1519,35,13,299029
332,cust1543,112,4,90613
333,cust2381,59,4,102251
334,cust12,51,6,121603
335,cust576,49,13,484636
336,cust957,99,11,543178
337,cust1492,64,4,46359
338,cust408,18,67,2057496
339,cust390,30,29,2262945
340,cust66,70,18,603965
341,cust1425,49,17,455310
342,cust220,16,27,4602052
343,cust3368,63,3,113165
344,cust1299,65,19,231453
345,cust1776,31,6,445571
346,cust849,17,35,583803
347,cust1021,16,18,259583
348,cust908,88,17,3125032
349,cust519,94,32,1056682
350,cust793,18,20,456541
351,cust3422,206,1,100233
352,cust3420,14,13,132710
353,cust87,36,24,346548
354,cust907,38,14,103222
355,cust183,21,67,1687924
356,cust3458,35,8,243687
357,cust575,23,26,1142951
358,cust1304,71,6,271397
359,cust1217,51,28,685785
360,cust308,29,64,1891397
361,cust388,30,30,716551
362,cust93,35,30,1003288
363,cust1632,9,18,102156
364,cust433,30,12,711471
365,cust3478,16,15,479127
366,cust255,115,12,236001
367,cust2070,98,7,264237
368,cust64,31,56,3347465
369,cust2121,15,21,1072587
370,cust921,17,31,1031528
371,cust708,46,35,676951
372,cust76,36,84,2626969
373,cust2828,39,5,231105
374,cust173,38,14,344521
375,cust891,59,47,1326792
376,cust90,17,60,823443
377,cust1511,87,7,130800
378,cust505,22,40,388228
379,cust2865,128,1,35542
380,cust1858,51,6,240781
381,cust473,11,21,686291
382,cust320,44,24,844706
383,cust332,28,68,3106369
384,cust3576,92,1,52638
385,cust503,39,7,272109
386,cust1429,14,62,2620630
387,cust1877,17,11,123363
388,cust1278,45,10,1474561
389,cust547,22,41,594247
390,cust3594,91,5,147553
391,cust728,16,37,1620035
392,cust47,30,32,492954
393,cust3182,64,8,129243
394,cust900,30,39,438411
395,cust315,14,22,295030
396,cust644,255,6,1104909
397,cust2756,17,12,94053
398,cust38,37,64,703583
399,cust1516,120,6,340251
400,cust781,85,6,1262759
401,cust3639,120,7,57360
402,cust2451,74,4,13241
403,cust2659,35,8,80525
404,cust609,92,7,138538
405,cust2763,24,13,342489
406,cust2650,35,8,250945
407,cust1559,16,24,274546
408,cust835,52,56,1552869
409,cust3153,44,2,22938
410,cust111,10,15,222945
411,cust711,50,9,509074
412,cust622,39,50,1965066
413,cust235,87,11,458268
414,cust1170,45,9,535867
415,cust57,95,18,974737
416,cust224,58,7,490763
417,cust3703,72,4,27696
418,cust778,25,14,199346
419,cust457,73,10,102410
420,cust3615,50,3,77112
421,cust252,11,46,887664
422,cust670,22,10,105380
423,cust335,64,25,2578969
424,cust221,70,14,820097
425,cust337,21,59,1018749
426,cust873,84,23,412070
427,cust1010,77,7,79115
428,cust297,17,22,412710
429,cust239,52,39,3624893
430,cust2973,123,1,19216
431,cust627,56,18,511674
432,cust969,80,3,32499
433,cust3783,22,4,3540
434,cust89,57,30,685138
435,cust2237,114,17,194090
436,cust3810,93,1,11687
437,cust363,109,62,929294
438,cust1888,10,11,263920
439,cust1294,72,23,531523
440,cust16,14,48,730915
441,cust204,16,32,295162
442,cust1041,73,6,210248
443,cust3846,218,1,26777
444,cust801,85,40,361159
445,cust305,22,36,761835
446,cust1497,11,21,365175
447,cust1683,17,24,205710
448,cust1258,80,7,7866054
449,cust209,21,45,1778667
450,cust2584,28,11,246387
451,cust222,64,11,246417
452,cust3899,93,2,21230
453,cust536,79,38,670428
454,cust1139,78,7,629765
455,cust288,11,42,507836
456,cust3618,106,7,221713
457,cust3280,170,2,403682
458,cust281,109,36,1186537
459,cust1311,21,7,78508
460,cust1975,121,2,68619
461,cust2500,65,5,388912
462,cust2154,10,24,439155
463,cust456,21,87,2709531
464,cust3952,142,3,185326
465,cust868,53,11,325898
466,cust3959,149,1,249954
467,cust1236,29,32,1327190
468,cust1109,17,20,242771
469,cust3752,46,7,50863
470,cust3676,129,2,5536
471,cust1532,86,1,246975
472,cust1213,45,8,296183
473,cust228,72,3,32366
474,cust2091,210,8,589454
475,cust541,100,9,193330
476,cust28,23,44,1055252
477,cust150,11,41,809925
478,cust1250,36,15,290566
479,cust4025,193,1,38068
480,cust714,23,15,548606
481,cust4033,142,2,311653
482,cust2992,92,4,535966
483,cust1155,30,7,910800
484,cust117,21,28,336919
485,cust24,43,46,665193
486,cust2928,25,4,34812
487,cust1974,80,19,262872
488,cust1272,25,9,138163
489,cust129,17,50,949540
490,cust1931,23,12,55761
491,cust1003,49,10,1373189
492,cust2913,129,2,100059
493,cust311,44,8,169948
494,cust369,45,10,431435
495,cust398,14,35,654551
496,cust998,137,8,685462
497,cust832,42,15,186446
498,cust2145,31,11,282362
499,cust985,43,5,108859
500,cust934,23,20,250687
501,cust2409,67,4,234404
502,cust379,44,67,2417917
503,cust1033,25,24,432164
504,cust1075,58,7,99661
505,cust338,64,22,252334
506,cust844,78,5,409521
507,cust4145,225,1,3576
508,cust509,72,2,34044
509,cust31,16,78,2232852
510,cust2306,17,20,282003
511,cust1650,22,14,179268
512,cust706,43,6,238304
513,cust1289,27,9,198413
514,cust1834,121,2,42018
515,cust478,102,4,171060
516,cust167,14,51,1656697
517,cust2062,38,18,525474
518,cust1695,260,6,570721
519,cust336,11,29,441407
520,cust4189,116,2,143352
521,cust1238,81,14,2141546
522,cust135,14,67,776808
523,cust2456,25,16,1131291
524,cust4205,37,4,23405
525,cust1191,23,9,144157
526,cust2964,219,6,285810
527,cust538,32,28,1381643
528,cust1077,38,18,590261
529,cust133,53,5,750607
530,cust376,25,19,374977
531,cust1376,112,12,427684
532,cust565,53,4,378431
533,cust1486,142,2,604338
534,cust492,28,91,2176680
535,cust585,15,41,871365
536,cust2771,70,6,86857
537,cust4263,92,1,5646
538,cust1047,59,30,351020
539,cust2007,51,6,283348
540,cust679,108,13,723077
541,cust6,100,6,129917
542,cust4271,248,2,125628
543,cust1388,106,8,114797
544,cust1245,57,12,289991
545,cust1780,63,10,170106
546,cust3217,100,1,30457
547,cust1373,66,19,577077
548,cust725,29,21,299926
549,cust4310,121,1,64207
550,cust593,38,46,814667
551,cust542,74,18,125247
552,cust977,16,38,473544
553,cust2064,156,3,61023
554,cust1162,35,18,280629
555,cust657,77,6,218344
556,cust41,36,16,782989
557,cust1318,100,2,62461
558,cust3160,106,3,123265
559,cust2792,24,23,2218767
560,cust2570,63,9,86054
561,cust687,79,18,459214
562,cust1485,10,15,103742
563,cust1700,11,21,587916
564,cust495,28,10,155725
565,cust2275,325,3,984933
566,cust2621,87,2,103712
567,cust1732,38,8,39799
568,cust4383,128,1,6814
569,cust1124,37,9,66254
570,cust1223,22,20,575913
571,cust987,18,19,165720
572,cust628,23,33,999164
573,cust1320,23,6,189845
574,cust278,56,11,1451922
575,cust384,17,31,494015
576,cust701,31,37,936937
577,cust611,25,13,2372487
578,cust1125,21,10,91734
579,cust755,28,54,2432009
580,cust59,56,7,57623
581,cust383,29,46,1503555
582,cust2460,29,3,10996
583,cust1949,95,2,65776
584,cust881,77,6,95370
585,cust1764,63,12,738940
586,cust1169,60,8,53892
587,cust3571,87,4,27778
588,cust4164,29,6,92747
589,cust1212,108,9,309423
590,cust4450,197,2,147906
591,cust374,67,16,21568918
592,cust187,15,14,229110
593,cust1389,63,3,160789
594,cust647,10,45,675112
595,cust975,29,13,159761
596,cust4291,86,3,48796
597,cust522,64,5,40845
598,cust1838,37,11,471104
599,cust1267,63,7,527656
600,cust73,32,41,1016996
601,cust138,121,6,149696
602,cust1344,36,19,227514
603,cust2307,80,6,274345
604,cust678,56,21,567971
605,cust649,16,29,463378
606,cust2569,112,8,276937
607,cust1655,24,7,26524
608,cust555,66,14,168681
609,cust700,178,1,133975
610,cust1944,11,52,3542551
611,cust4540,91,1,16842
612,cust2288,64,8,244062
613,cust692,87,6,317597
614,cust1414,32,6,579489
615,cust3147,49,2,7707
616,cust323,16,28,483706
617,cust1151,21,18,567703
618,cust1181,18,16,145929
619,cust149,43,29,372284
620,cust572,44,9,111169
621,cust894,156,2,244260
622,cust272,46,19,743642
623,cust1449,70,2,36363
624,cust1814,101,27,412361
625,cust2434,78,9,683284
626,cust218,28,48,1532823
627,cust796,127,15,396134
628,cust4284,80,1,14036
629,cust4593,94,1,17686
630,cust2270,58,3,169232
631,cust29,101,6,224270
632,cust765,95,33,1696226
633,cust83,30,9,138953
634,cust1156,24,27,509051
635,cust455,126,6,-442699
636,cust3984,30,6,100547
637,cust722,11,43,821136
638,cust616,30,26,355732
639,cust504,45,10,218098
640,cust874,77,20,1477109
641,cust1854,37,11,111440
642,cust879,88,21,251444
643,cust1902,66,5,77514
644,cust1052,17,16,495688
645,cust42,15,73,8181685
646,cust200,21,12,319011
647,cust409,16,28,104856
648,cust2124,169,1,238178
649,cust1218,17,11,102028
650,cust4651,77,1,27902
651,cust1074,21,16,144613
652,cust1101,57,23,930994
653,cust680,10,45,2574920
654,cust333,45,24,413628
655,cust1325,72,5,119815
656,cust4670,176,1,43899
657,cust4671,126,1,147342
658,cust370,30,9,169345
659,cust999,169,2,64021
660,cust451,42,7,50000
661,cust4088,92,6,343285
662,cust2597,185,2,307179
663,cust812,35,21,636519
664,cust1163,29,8,58753
665,cust96,46,27,437064
666,cust4697,170,1,26423
667,cust521,39,10,267395
668,cust1586,198,2,41100
669,cust1585,85,12,254823
670,cust2592,30,12,80665
671,cust4718,164,1,27287
672,cust502,14,23,223702
673,cust421,21,29,817428
674,cust1147,11,15,639111
675,cust4729,72,2,5543
676,cust331,99,25,853409
677,cust1720,58,5,86385
678,cust158,14,48,1864416
679,cust1319,21,16,255709
680,cust180,43,46,922366
681,cust1530,67,2,125365
682,cust2834,28,4,54039
683,cust933,51,10,195493
684,cust327,64,30,425192
685,cust4772,57,3,7689
686,cust1123,115,29,596891
687,cust4576,150,1,5792
688,cust462,133,17,296040
689,cust2034,25,13,291636
690,cust325,16,29,357710
691,cust3218,100,1,112367
692,cust2052,148,3,435056
693,cust2417,107,3,176855
694,cust578,29,34,2239321
695,cust2405,247,2,27478
696,cust1768,31,4,22050
697,cust1115,44,38,3706673
698,cust295,23,16,219796
699,cust1061,15,65,856543
700,cust691,99,10,1436133
701,cust4839,95,1,7738
702,cust2599,92,3,16862
703,cust984,29,27,586678
704,cust3067,38,6,68585
705,cust1015,56,23,236866
706,cust3036,44,6,22396
707,cust4696,107,4,100946
708,cust619,23,15,216523
709,cust3314,92,5,368872
710,cust53,31,11,169039
711,cust3928,42,4,240988
712,cust4884,70,3,5034
713,cust1064,88,10,163290
714,cust938,16,14,535494
715,cust1577,24,12,133699
716,cust614,46,36,498116
717,cust1893,56,4,42560
718,cust262,36,17,719814
719,cust1073,85,21,150255
720,cust2129,10,22,365275
721,cust3331,86,4,27329
722,cust1457,84,4,149542
723,cust527,135,17,-4030018
724,cust3699,262,1,22243
725,cust747,24,10,113275
726,cust393,18,39,791837
727,cust804,28,15,1042602
728,cust461,14,25,290416
729,cust1006,175,13,619834
730,cust1680,29,11,147345
731,cust1495,10,5,24161
732,cust397,56,34,1483696
733,cust651,116,16,843606
734,cust638,112,17,1002756
735,cust447,37,9,86975
736,cust438,46,22,847977
737,cust452,98,6,59813
738,cust1228,36,12,100157
739,cust486,16,73,1348840
740,cust749,60,8,539227
741,cust2365,53,2,5238
742,cust674,24,22,203733
743,cust1976,67,3,234122
744,cust666,91,3,87940
745,cust898,99,4,154290
746,cust705,59,14,532687
747,cust543,51,9,238322
748,cust2622,233,2,204114
749,cust1435,28,18,450271
750,cust2716,95,15,406548
751,cust4319,21,7,59900
752,cust885,30,36,879697
753,cust5045,60,2,100497
754,cust2404,84,7,694727
755,cust1667,30,11,157574
756,cust1008,79,4,108700
757,cust564,44,13,67977
758,cust603,11,17,453790
759,cust1722,52,11,187448
760,cust699,10,20,209681
761,cust3886,31,2,33852
762,cust5072,220,2,66574
763,cust444,71,10,124047
764,cust4031,29,14,245150
765,cust3972,37,2,156084
766,cust1708,53,8,1022338
767,cust1099,105,11,74747
768,cust654,109,2,238237
769,cust5092,240,1,2549
770,cust237,10,13,381372
771,cust581,28,16,2138252
772,cust2050,25,5,211568
773,cust275,24,18,644788
774,cust5129,322,1,33893
775,cust978,31,14,232905
776,cust3345,57,2,75213
777,cust4139,81,2,45304
778,cust2383,184,1,6303
779,cust2477,52,5,115139
780,cust1190,78,3,95239
781,cust982,80,7,351478
782,cust771,65,7,509516
783,cust2043,134,2,178569
784,cust643,57,5,296939
785,cust958,227,6,510604
786,cust2415,101,3,617066
787,cust5157,119,1,-7698
788,cust1137,56,11,592454
789,cust175,107,27,718041
790,cust1956,23,4,73006
791,cust21,36,59,709863
792,cust2937,29,18,338443
793,cust2198,109,2,144207
794,cust1521,78,4,48192
795,cust1643,28,7,297649
796,cust3441,71,6,50617
797,cust276,121,7,625680
798,cust822,31,11,305333
799,cust1039,16,16,381564
800,cust991,17,17,280353
801,cust1537,21,6,116406
802,cust14,10,16,298878
803,cust1443,80,5,200381
804,cust2693,92,6,479103
805,cust2168,64,9,419923
806,cust2312,51,12,2025619
807,cust545,28,21,315415
808,cust1668,37,9,182047
809,cust1952,29,19,254573
810,cust2542,15,16,188308
811,cust5235,81,5,47343
812,cust3302,172,3,356448
813,cust258,17,32,382942
814,cust1798,15,40,320369
815,cust5248,35,2,53167
816,cust2208,31,5,199693
817,cust1227,29,10,99287
818,cust3430,339,1,6553
819,cust482,99,5,967932
820,cust346,93,27,511379
821,cust1697,101,7,199226
822,cust929,88,8,657095
823,cust1748,182,6,39921
824,cust3196,231,2,33965
825,cust1839,16,7,109236
826,cust1214,53,6,438885
827,cust963,36,25,126804
828,cust359,86,9,44408
829,cust794,102,4,1679034
830,cust1188,32,5,258747
831,cust2046,60,3,304589
832,cust1654,175,1,117357
833,cust655,18,42,697089
834,cust2778,122,7,145811
835,cust2857,92,9,132411
836,cust3165,294,2,30184
837,cust4154,217,1,40393
838,cust466,57,10,137712
839,cust1133,16,10,405981
840,cust2296,78,4,550349
841,cust441,98,28,733254
842,cust833,56,6,67418
843,cust2039,59,9,231626
844,cust1575,37,6,89892
845,cust5336,144,2,61206
846,cust821,11,10,181029
847,cust2468,81,11,284009
848,cust3300,92,2,61919
849,cust347,80,7,45595
850,cust608,70,14,581127
851,cust5367,74,1,3806
852,cust1035,38,16,775473
853,cust3018,86,3,180890
854,cust5390,228,1,46908
855,cust3107,56,7,643298
856,cust372,157,3,131408
857,cust988,101,2,33239
858,cust2743,31,7,63753
859,cust4625,122,5,249589
860,cust1653,105,1,181033
861,cust569,18,28,621378
862,cust109,37,11,249483
863,cust2165,15,29,162352
864,cust901,86,3,393875
865,cust2550,65,2,131619
866,cust2538,133,2,111492
867,cust641,16,13,191543
868,cust1208,179,3,310399
869,cust128,85,9,203923
870,cust959,53,18,3902561
871,cust1271,46,13,228663
872,cust4916,241,3,115442
873,cust2001,87,6,272299
874,cust2946,52,10,151889
875,cust1347,35,8,255578
876,cust3349,147,1,948130
877,cust3671,21,4,144359
878,cust445,49,3,15890
879,cust1406,94,7,292320
880,cust5474,143,2,87071
881,cust3338,70,5,194456
882,cust1209,36,6,98535
883,cust371,123,2,22314
884,cust3002,170,2,133653
885,cust271,86,8,257579
886,cust4630,106,3,56163
887,cust2784,65,8,80178
888,cust2634,65,11,1964473
889,cust1141,109,4,265816
890,cust3073,226,1,29893
891,cust1204,163,2,12818
892,cust2626,36,10,93558
893,cust2051,123,3,411584
894,cust5533,214,1,16700
895,cust1303,79,4,23557
896,cust487,18,38,382970
897,cust3637,171,1,2112
898,cust1638,11,4,66312
899,cust946,35,12,279237
900,cust1024,81,4,65842
901,cust1231,23,12,65986
902,cust2939,85,10,252915
903,cust411,53,8,336202
904,cust2233,70,3,17477
905,cust254,37,61,1356710
906,cust4549,16,13,92004
907,cust5582,102,2,63126
908,cust1981,35,5,196503
909,cust702,70,11,600756
910,cust926,115,5,258119
911,cust3974,93,4,676526
912,cust762,225,1,103933
913,cust284,46,8,213351
914,cust2480,142,3,31655
915,cust1775,24,12,123768
916,cust2936,137,4,58814
917,cust586,38,24,516574
918,cust2972,141,2,13541
919,cust1508,35,14,621009
920,cust394,161,1,98343
921,cust1900,28,3,36657
922,cust3589,119,1,34764
923,cust2835,98,1,3788
924,cust1584,37,4,76213
925,cust897,42,34,233943
926,cust176,36,8,571715
927,cust949,11,15,117714
928,cust529,24,8,60240
929,cust1370,147,15,1167692
930,cust2879,37,14,340553
931,cust1422,10,10,513821
932,cust240,79,10,308873
933,cust3581,66,5,114675
934,cust44,24,7,178835
935,cust3766,32,4,45511
936,cust2369,74,6,198238
937,cust829,15,42,522379
938,cust437,23,10,139025
939,cust698,14,38,1499809
940,cust1281,60,12,397202
941,cust1149,123,4,798720
942,cust5091,191,2,77595
943,cust418,45,25,918634
944,cust1146,38,14,385455
945,cust1134,44,4,68303
946,cust2191,64,3,23058
947,cust5737,294,1,33255
948,cust3819,43,13,936725
949,cust5748,120,1,93390
950,cust5590,256,1,3644
951,cust973,179,2,26290
952,cust405,227,8,280692
953,cust3092,85,5,244714
954,cust2867,44,7,232958
955,cust274,10,67,1012962
956,cust2532,65,9,130564
957,cust1330,67,13,1009493
958,cust94,161,2,7737
959,cust1363,57,5,141273
960,cust3829,73,4,16433
961,cust2564,36,4,80732
962,cust498,17,35,783675
963,cust1686,98,4,221499
964,cust3040,67,9,195010
965,cust1940,64,8,622411
966,cust4529,151,1,-947
967,cust1553,88,5,99996
968,cust1249,72,8,24958
969,cust104,101,19,557617
970,cust4050,120,4,65429
971,cust484,57,27,380188
972,cust659,218,6,976251
973,cust1225,16,25,475974
974,cust3103,92,7,1589017
975,cust2877,172,4,212568
976,cust990,53,9,233732
977,cust4462,158,1,63493
978,cust368,22,42,687800
979,cust1801,100,28,689750
980,cust137,72,9,370242
981,cust56,64,5,140660
982,cust5785,185,1,69975
983,cust2585,245,2,139863
984,cust4565,99,2,69401
985,cust1176,122,2,35057
986,cust5380,52,3,24838
987,cust3229,141,1,49395
988,cust1401,28,6,48568
989,cust1004,84,9,2371951
990,cust5889,407,1,-11175
991,cust1122,64,18,145250
992,cust1630,109,8,176695
993,cust1773,164,3,81601
994,cust5902,84,1,14008
995,cust965,49,18,417815
996,cust1472,28,21,211850
997,cust1198,74,6,810215
998,cust125,10,37,618901
999,cust2128,59,5,199846
1000,cust594,38,5,118298
1001,cust1765,92,5,160248
1002,cust5932,45,2,12462
1003,cust1167,15,25,976977
1004,cust3466,53,4,44397
1005,cust1380,60,6,103155
1006,cust2302,52,6,77854
1007,cust1987,18,7,73858
1008,cust5991,270,1,28459
1009,cust2535,106,2,16613
1010,cust1034,56,18,1097856
1011,cust1670,63,11,346708
1012,cust146,100,7,222132
1013,cust6005,249,2,44565
1014,cust1174,81,10,21552
1015,cust918,25,19,570762
1016,cust174,25,36,1728159
1017,cust745,32,20,506061
1018,cust1751,43,5,48808
1019,cust2087,37,4,33015
1020,cust713,123,1,72965
1021,cust2837,18,8,438402
1022,cust2802,85,2,67601
1023,cust1674,85,11,753295
1024,cust1926,23,11,144075
1025,cust317,16,13,148499
1026,cust621,10,62,2919789
1027,cust192,56,7,44297
1028,cust1020,57,10,173673
1029,cust752,25,8,588228
1030,cust605,71,14,532237
1031,cust324,42,4,47249
1032,cust1430,51,4,11137
1033,cust1852,80,8,9999
1034,cust4234,134,1,50172
1035,cust635,22,19,117559
1036,cust1030,57,2,24873
1037,cust2573,92,5,110939
1038,cust1387,35,8,24958
1039,cust3896,53,9,582037
1040,cust872,24,22,250358
1041,cust2022,100,1,7657
1042,cust1210,63,2,90772
1043,cust314,25,10,49408
1044,cust2133,24,18,105467
1045,cust366,22,17,175571
1046,cust1966,93,6,52975
1047,cust682,15,11,74719
1048,cust6102,113,1,70752
1049,cust3786,30,2,33617
1050,cust2413,253,1,45931
1051,cust3535,242,1,8978
1052,cust823,50,14,951789
1053,cust6120,44,3,23324
1054,cust1476,116,5,54259
1055,cust2660,119,3,23267
1056,cust2829,134,3,95939
1057,cust2422,18,7,4194
1058,cust1091,149,5,339493
1059,cust2002,212,1,69695
1060,cust3064,72,8,69070
1061,cust3427,93,6,367664
1062,cust4134,103,2,31500
1063,cust467,50,3,31364
1064,cust2546,254,3,1021985
1065,cust807,49,7,154955
1066,cust2488,179,2,467135
1067,cust716,15,12,1353947
1068,cust2398,81,3,48715
1069,cust2922,71,6,128060
1070,cust870,60,10,265411
1071,cust3252,170,2,66092
1072,cust4929,123,5,186007
1073,cust1935,128,2,57759
1074,cust4260,122,3,58495
1075,cust1779,43,5,119550
1076,cust2849,129,3,505665
1077,cust3946,39,2,257793
1078,cust4987,102,2,96557
1079,cust2505,91,2,33849
1080,cust811,177,10,110165
1081,cust6207,289,2,25637
1082,cust166,84,2,138574
1083,cust4351,88,4,113197
1084,cust986,77,11,340892
1085,cust912,15,3,31734
1086,cust3793,66,3,174823
1087,cust2446,70,9,37311
1088,cust2443,17,4,34953
1089,cust2234,92,14,108163
1090,cust2934,141,1,95997
1091,cust410,35,11,69862
1092,cust1273,73,10,124124
1093,cust1463,98,3,33066
1094,cust2637,112,1,113786
1095,cust3027,56,2,2417
1096,cust287,30,35,1038917
1097,cust4443,147,2,28434
1098,cust1322,98,4,177764
1099,cust1566,88,2,68321
1100,cust1025,71,12,215992
1101,cust6260,161,2,122915
1102,cust4954,59,2,18984
1103,cust210,28,30,1018367
1104,cust3918,73,2,5821
1105,cust836,36,10,131391
1106,cust3533,25,4,49464
1107,cust1070,91,3,52614
1108,cust3421,88,5,59161
1109,cust2238,66,10,136101
1110,cust2893,92,1,62717
1111,cust1524,50,3,94570
1112,cust4479,86,4,997889
1113,cust290,32,30,582096
1114,cust3105,172,2,384171
1115,cust3144,129,7,178750
1116,cust4526,102,3,664857
1117,cust1601,190,3,-3123
1118,cust1262,80,1,1656
1119,cust3662,39,5,128626
1120,cust1366,144,4,554709
1121,cust550,22,26,298122
1122,cust7,36,2,38802
1123,cust4831,163,2,19323
1124,cust2161,147,10,125722
1125,cust1808,79,3,110097
1126,cust5365,120,1,8393
1127,cust1112,14,16,571738
1128,cust2077,31,3,42927
1129,cust3433,64,2,7691
1130,cust1275,81,11,1606865
1131,cust75,95,6,498394
1132,cust334,78,14,232106
1133,cust412,239,2,159556
1134,cust6420,30,3,54835
1135,cust497,17,13,188493
1136,cust754,11,44,373911
1137,cust3460,199,2,42655
1138,cust4830,276,1,19932
1139,cust6427,185,1,-522
1140,cust2633,102,6,41846
1141,cust1706,66,15,939688
1142,cust2078,133,4,270689
1143,cust6446,92,1,6850
1144,cust4913,95,2,14680
1145,cust3568,100,3,116987
1146,cust3010,58,6,85998
1147,cust792,44,5,128700
1148,cust2995,105,6,323360
1149,cust3969,108,3,29075
1150,cust2326,269,4,148524
1151,cust1943,16,13,452779
1152,cust1371,130,1,32777
1153,cust580,57,10,93058
1154,cust1197,207,2,141610
1155,cust3442,85,4,112816
1156,cust577,28,10,249149
1157,cust518,74,4,165867
1158,cust3179,143,1,25559
1159,cust37,22,47,728140
1160,cust6496,220,1,8296
1161,cust1784,113,9,142501
1162,cust5297,57,2,227712
1163,cust246,122,2,104659
1164,cust2240,11,8,95654
1165,cust2914,232,2,41215
1166,cust3380,81,3,114983
1167,cust6008,193,1,4618
1168,cust1502,79,6,161173
1169,cust539,37,15,481335
1170,cust2449,157,1,51222
1171,cust774,23,7,70378
1172,cust562,50,9,153558
1173,cust3450,170,3,74676
1174,cust2341,37,14,170283
1175,cust2092,43,3,53048
1176,cust2297,51,4,36605
1177,cust160,87,11,689803
1178,cust1985,37,10,87069
1179,cust905,16,13,93085
1180,cust554,143,2,10286
1181,cust2749,158,5,92948
1182,cust723,28,8,601766
1183,cust2876,172,1,59470
1184,cust1454,44,4,187110
1185,cust3290,270,1,40674
1186,cust4904,88,1,703
1187,cust613,136,7,1557447
1188,cust1118,116,3,336736
1189,cust5325,113,3,23493
1190,cust817,39,21,753094
1191,cust808,79,2,65845
1192,cust99,24,18,193293
1193,cust1598,64,6,327214
1194,cust532,87,4,165877
1195,cust730,115,7,1377478
1196,cust6621,14,2,48469
1197,cust2377,56,10,75472
1198,cust6504,262,1,4710
1199,cust3276,231,1,25104
1200,cust5266,39,7,69062
1201,cust588,79,19,467896
1202,cust4528,171,2,-1814
1203,cust3016,51,5,36527
1204,cust2314,133,5,18805
1205,cust6663,147,1,3673
1206,cust2823,119,2,27310
1207,cust2244,32,14,438182
1208,cust242,63,4,57102
1209,cust694,141,9,1283996
1210,cust1092,38,13,554059
1211,cust2261,163,2,38778
1212,cust3737,480,1,-4547
1213,cust292,77,10,1901212
1214,cust5239,60,2,114531
1215,cust3620,112,1,7982
1216,cust105,14,31,291028
1217,cust5944,114,2,96665
1218,cust1913,130,7,494855
1219,cust1160,49,9,2177425
1220,cust25,10,19,147812
1221,cust974,63,2,11909
1222,cust373,14,2,17413
1223,cust952,42,6,106975
1224,cust2974,70,3,122524
1225,cust3925,228,1,35395
1226,cust4303,37,3,46733
1227,cust1716,99,3,47749
1228,cust4357,59,3,161297
1229,cust782,129,5,231851
1230,cust5804,65,4,121755
1231,cust1950,163,3,153256
1232,cust2884,133,1,17405
1233,cust4001,108,2,59462
1234,cust5684,39,2,37443
1235,cust247,36,8,224925
1236,cust2089,65,5,45121
1237,cust97,10,10,421799
1238,cust4244,92,2,21576
1239,cust3000,59,10,149282
1240,cust3682,156,2,67111
1241,cust3135,144,1,5849
1242,cust4833,86,2,3482
1243,cust375,57,24,680591
1244,cust884,56,7,148625
1245,cust582,38,3,11856
1246,cust2614,29,4,23219
1247,cust36,36,10,132117
1248,cust6773,64,2,13800
1249,cust6406,249,1,21307
1250,cust1060,53,18,1548476
1251,cust1555,178,2,32030
1252,cust1896,79,3,54324
1253,cust1085,45,4,19158
1254,cust1602,79,3,26885
1255,cust415,70,12,661629
1256,cust1100,218,3,208717
1257,cust1108,256,1,17291
1258,cust1672,70,6,461066
1259,cust2116,156,2,85926
1260,cust1166,21,6,82780
1261,cust1803,71,6,341588
1262,cust2164,45,6,109816
1263,cust4394,228,1,72566
1264,cust663,58,6,83814
1265,cust3366,170,1,36937
1266,cust3818,81,1,3378
1267,cust916,105,18,271411
1268,cust3697,78,4,35704
1269,cust4223,85,2,56690
1270,cust219,14,10,50228
1271,cust1847,30,9,197582
1272,cust3351,44,7,210499
1273,cust601,38,17,525550
1274,cust2253,112,4,176937
1275,cust463,39,8,298171
1276,cust1576,52,8,237201
1277,cust2929,57,10,109376
1278,cust1498,15,13,79395
1279,cust52,85,15,584347
1280,cust814,38,4,74974
1281,cust548,43,21,277693
1282,cust1032,29,4,12021
1283,cust1621,88,9,100681
1284,cust1352,88,2,50483
1285,cust1622,72,5,374095
1286,cust1691,37,31,979439
1287,cust260,52,2,13882
1288,cust4423,112,1,988
1289,cust944,45,18,292177
1290,cust5034,142,2,106690
1291,cust3744,79,5,610627
1292,cust127,92,6,296512
1293,cust2741,192,4,117693
1294,cust2011,91,14,189270
1295,cust145,17,14,153131
1296,cust6958,141,1,32988
1297,cust4748,66,3,26261
1298,cust2737,150,2,116596
1299,cust4280,161,1,24339
1300,cust1288,35,10,77198
1301,cust3255,100,3,149567
1302,cust1097,56,13,335770
1303,cust3086,91,3,63282
1304,cust6991,115,1,7116
1305,cust2185,85,2,47516
1306,cust1631,170,5,149459
1307,cust1302,74,8,759933
1308,cust1128,102,1,23513
1309,cust4147,79,2,16329
1310,cust1788,29,11,120570
1311,cust3740,165,2,72343
1312,cust867,65,3,65252
1313,cust886,227,1,90617
1314,cust1313,56,3,472280
1315,cust1342,31,9,113040
1316,cust733,36,10,662515
1317,cust1964,107,3,70268
1318,cust1437,284,2,162936
1319,cust7033,128,1,12738
1320,cust4015,109,3,124259
1321,cust1145,36,4,67720
1322,cust2012,65,3,359017
1323,cust7051,52,4,42157
1324,cust1819,116,2,25909
1325,cust1205,22,16,213084
1326,cust1493,32,8,72494
1327,cust1505,36,19,103249
1328,cust7076,262,1,37547
1329,cust5421,191,1,39446
1330,cust3881,220,1,22697
1331,cust7093,129,2,32972
1332,cust1335,29,5,162741
1333,cust289,21,22,277112
1334,cust3139,107,5,331706
1335,cust2798,58,3,79140
1336,cust1243,24,12,146329
1337,cust1978,17,11,190783
1338,cust665,245,4,420341
1339,cust440,31,21,399575
1340,cust4654,130,5,52420
1341,cust2571,109,2,21253
1342,cust906,144,8,93115
1343,cust1663,11,31,211810
1344,cust1544,18,6,24185
1345,cust1382,11,16,116251
1346,cust4341,109,2,96934
1347,cust1046,66,16,309847
1348,cust5821,232,1,4545
1349,cust319,32,2,25537
1350,cust2523,65,3,105891
1351,cust3806,102,4,499434
1352,cust4640,176,1,54034
1353,cust704,95,1,162086
1354,cust3992,22,5,17793
1355,cust5100,85,5,182944
1356,cust4190,65,4,222823
1357,cust932,50,16,611373
1358,cust1491,16,15,189054
1359,cust828,43,13,280809
1360,cust806,150,4,416638
1361,cust511,56,13,544921
1362,cust3537,65,2,607096
1363,cust2125,136,2,87803
1364,cust4822,72,3,26390
1365,cust1257,56,4,214746
1366,cust2685,322,1,-2
1367,cust693,92,8,175130
1368,cust2809,225,1,874
1369,cust423,11,25,171983
1370,cust3599,28,7,120995
1371,cust7185,197,1,4471
1372,cust7187,109,1,9872
1373,cust2978,67,6,155218
1374,cust2414,73,3,46552
1375,cust427,29,4,42045
1376,cust3949,170,4,82479
1377,cust4,25,18,166978
1378,cust3310,169,1,20381
1379,cust1386,67,6,151031
1380,cust3577,38,3,49752
1381,cust2450,185,1,49872
1382,cust3905,191,2,29544
1383,cust147,269,2,58253
1384,cust5726,58,3,328826
1385,cust6552,122,1,5378
1386,cust1617,88,2,14929
1387,cust1078,71,10,601787
1388,cust2086,133,2,135411
1389,cust3875,189,2,432277
1390,cust5691,186,1,13059
1391,cust715,102,16,219102
1392,cust4991,119,4,252693
1393,cust5765,73,1,33005
1394,cust2700,31,6,24852
1395,cust3292,107,1,40463
1396,cust2385,56,8,98621
1397,cust1594,143,2,28604
1398,cust407,207,4,49467
1399,cust4167,107,1,19679
1400,cust2004,80,2,9417
1401,cust1364,147,4,13830
1402,cust1144,60,11,185729
1403,cust4166,109,4,105359
1404,cust5073,72,1,3340
1405,cust1316,56,6,114613
1406,cust2096,49,7,238748
1407,cust3088,165,2,0
1408,cust772,84,4,90409
1409,cust1220,43,4,266698
1410,cust429,18,5,65137
1411,cust2697,39,3,86209
1412,cust2430,56,6,56828
1413,cust1693,204,3,275240
1414,cust4668,81,4,80607
1415,cust5708,88,2,7585
1416,cust3733,28,2,11911
1417,cust2520,95,17,872060
1418,cust3373,88,6,1048516
1419,cust1699,11,25,207292
1420,cust1203,107,4,109668
1421,cust5567,59,3,21024
1422,cust3188,137,2,4390
1423,cust3845,65,4,76476
1424,cust2496,207,2,406216
1425,cust1771,16,5,109400
1426,cust4148,80,3,14206
1427,cust1890,49,3,266839
1428,cust1560,39,7,50747
1429,cust2256,204,4,285614
1430,cust168,29,7,166992
1431,cust4591,158,1,37113
1432,cust2257,99,2,38264
1433,cust1291,71,2,67752
1434,cust7361,106,1,46987
1435,cust6768,184,1,14068
1436,cust994,59,9,145300
1437,cust3232,196,2,48843
1438,cust313,28,8,55639
1439,cust4627,66,6,281842
1440,cust6372,224,1,45713
1441,cust3227,164,2,41454
1442,cust496,24,8,122482
1443,cust3177,107,3,65388
1444,cust1028,78,11,441556
1445,cust1270,22,3,21582
1446,cust3674,295,1,39231
1447,cust1409,11,18,501749
1448,cust930,17,21,742016
1449,cust2770,84,4,42473
1450,cust2358,56,3,22001
1451,cust387,25,11,83965
1452,cust2337,32,7,55468
1453,cust2643,267,2,550474
1454,cust6783,149,4,53221
1455,cust69,65,4,69034
1456,cust2804,115,2,35904
1457,cust1645,59,17,401389
1458,cust3656,163,1,66699
1459,cust34,109,2,6835
1460,cust3220,65,4,9979
1461,cust2705,93,2,93912
1462,cust1400,23,15,191806
1463,cust1420,51,6,268719
1464,cust2030,30,6,25717
1465,cust4957,137,1,97262
1466,cust196,130,4,131286
1467,cust2731,228,3,86216
1468,cust2696,161,1,25748
1469,cust2512,107,2,286177
1470,cust1595,101,9,1280527
1471,cust2863,56,3,14407
1472,cust2754,31,10,95339
1473,cust1413,18,13,286654
1474,cust3012,70,5,188847
1475,cust942,59,2,15450
1476,cust449,95,1,56742
1477,cust3753,135,3,144398
1478,cust1044,119,3,18119
1479,cust3814,67,2,91179
1480,cust2960,79,5,86611
1481,cust4125,228,1,13685
1482,cust1730,88,10,631472
1483,cust2953,67,11,173952
1484,cust1665,183,2,138186
1485,cust7427,102,1,2177
1486,cust1647,113,3,45665
1487,cust5471,130,1,6689
1488,cust1175,80,7,170725
1489,cust2452,65,8,99393
1490,cust773,35,9,319224
1491,cust6485,171,1,57633
1492,cust5150,149,1,15592
1493,cust4920,24,4,53436
1494,cust1634,100,5,62257
1495,cust2146,57,3,13117
1496,cust4281,85,3,110142
1497,cust4179,73,1,303
1498,cust3761,274,2,12501
1499,cust2421,53,5,96506
1500,cust5914,65,4,92844
1501,cust3592,143,1,34338
1502,cust2528,31,10,101343
1503,cust1550,14,15,117134
1504,cust1873,35,3,20135
1505,cust3585,72,3,121576
1506,cust6848,25,3,16853
1507,cust6709,81,2,105410
1508,cust7628,114,1,6612
1509,cust1158,38,7,106975
1510,cust329,11,9,99400
1511,cust3398,94,4,66077
1512,cust6898,102,2,31207
1513,cust3358,85,3,182098
1514,cust152,95,11,184141
1515,cust3475,81,3,208949
1516,cust3209,140,1,36126
1517,cust1642,37,6,37739
1518,cust1806,31,3,104337
1519,cust485,72,3,84163
1520,cust1549,15,7,59557
1521,cust1816,93,19,1971948
1522,cust381,59,8,1861381
1523,cust250,72,10,324582
1524,cust3792,212,4,106072
1525,cust1898,283,1,65156
1526,cust4061,87,1,19731
1527,cust181,36,3,6996
1528,cust4471,39,3,22404
1529,cust1923,64,2,8356
1530,cust3544,161,1,5309
1531,cust2926,24,4,691524
1532,cust3861,205,1,23093
1533,cust2703,86,4,67459
1534,cust5953,186,2,27880
1535,cust4362,99,1,72251
1536,cust3559,389,1,-7018
1537,cust3827,106,1,3656
1538,cust4505,198,2,34476
1539,cust2368,206,2,58208
1540,cust2060,144,8,299918
1541,cust876,368,1,-220
1542,cust1657,67,3,39127
1543,cust4397,245,1,7184
1544,cust7805,148,2,35236
1545,cust6683,22,2,9707
1546,cust3851,169,1,36650
1547,cust2595,317,2,-5741
1548,cust3553,88,3,67183
1549,cust1136,80,8,168707
1550,cust3049,56,3,209269
1551,cust1881,109,5,209601
1552,cust386,28,7,72819
1553,cust5682,65,1,2013
1554,cust2442,120,5,311867
1555,cust4278,144,2,71356
1556,cust1334,211,2,3527
1557,cust208,32,23,335578
1558,cust3788,200,2,9297
1559,cust1660,130,7,177290
1560,cust2329,44,9,67596
1561,cust681,86,3,164581
1562,cust2088,70,4,218058
1563,cust6758,86,1,2658
1564,cust1599,95,5,205299
1565,cust1012,52,4,137661
1566,cust7880,93,1,17835
1567,cust256,204,4,272168
1568,cust1761,85,1,3983
1569,cust5339,289,1,90600
1570,cust5075,28,4,10864
1571,cust4096,95,8,150277
1572,cust1482,107,2,15167
1573,cust1782,63,4,288508
1574,cust6979,136,1,10219
1575,cust1833,282,1,0
1576,cust3948,113,5,83971
1577,cust5342,106,3,-130
1578,cust597,59,5,15961
1579,cust2575,150,3,76585
1580,cust4370,186,4,16749
1581,cust3804,113,2,284858
1582,cust1513,29,10,130891
1583,cust2748,73,2,54809
1584,cust7400,130,1,3716
1585,cust2620,114,5,69988
1586,cust2461,130,2,94372
1587,cust1703,235,1,42744
1588,cust2917,50,7,169665
1589,cust7949,100,1,6063
1590,cust3025,155,2,-9840
1591,cust890,15,14,56148
1592,cust1791,162,3,130557
1593,cust5159,102,2,48086
1594,cust1129,73,25,523303
1595,cust5011,86,2,114712
1596,cust6179,130,4,10190
1597,cust7828,101,1,3099
1598,cust3685,43,3,31213
1599,cust3159,99,9,827962
1600,cust2122,15,6,62748
1601,cust3009,78,7,98018
1602,cust3269,78,3,41169
1603,cust3490,81,7,206463
1604,cust776,30,9,952690
1605,cust8023,206,1,6719
1606,cust3138,66,3,75541
1607,cust4525,23,8,237771
1608,cust392,129,5,63943
1609,cust1106,84,4,218982
1610,cust1478,71,2,10918
1611,cust6962,126,1,31787
1612,cust3081,70,2,5362
1613,cust5877,149,2,37187
1614,cust1314,141,1,94769
1615,cust399,49,7,92910
1616,cust35,77,5,154930
1617,cust516,199,1,218492
1618,cust424,150,3,253515
1619,cust3539,122,3,4925
1620,cust2931,231,3,38703
1621,cust3072,92,2,17243
1622,cust4914,231,3,53714
1623,cust803,86,1,21456
1624,cust1240,36,9,111576
1625,cust3075,29,5,49959
1626,cust6048,183,1,51209
1627,cust1045,120,2,11016
1628,cust1727,67,16,417878
1629,cust2645,78,3,117749
1630,cust2782,109,1,9495
1631,cust2591,23,5,96144
1632,cust500,23,11,174551
1633,cust5273,154,1,23532
1634,cust7862,85,1,11656
1635,cust1058,43,16,690919
1636,cust1777,57,5,19002
1637,cust1268,74,3,126203
1638,cust595,24,20,235997
1639,cust4524,56,2,61692
1640,cust1980,14,10,273878
1641,cust2903,31,5,16971
1642,cust307,117,5,787146
1643,cust5856,101,1,3073
1644,cust365,78,9,197242
1645,cust3029,102,1,46323
1646,cust3069,72,7,157208
1647,cust3416,109,3,32997
1648,cust4047,87,1,1071
1649,cust2220,91,2,52194
1650,cust4024,25,2,40247
1651,cust306,50,7,43046
1652,cust887,56,13,2625381
1653,cust7788,267,1,7867
1654,cust617,31,13,141689
1655,cust1321,52,12,108206
1656,cust1951,44,2,75070
1657,cust1922,101,3,343422
1658,cust3634,101,1,43608
1659,cust5315,155,1,4049
1660,cust8166,219,1,-116
1661,cust2836,133,1,88740
1662,cust7397,122,1,5998
1663,cust7435,179,1,5459
1664,cust396,98,7,125461
1665,cust2374,30,6,67056
1666,cust2170,79,1,2176
1667,cust860,77,7,365538
1668,cust3352,64,3,19535
1669,cust8187,122,1,33394
1670,cust1013,38,19,123174
1671,cust1043,150,1,36208
1672,cust4685,92,1,62304
1673,cust2983,114,3,48315
1674,cust3266,179,1,128547
1675,cust225,86,5,639138
1676,cust6028,249,1,122607
1677,cust4804,298,1,58832
1678,cust4165,267,2,105936
1679,cust2479,22,3,113560
1680,cust3562,161,1,6533
1681,cust1274,182,4,232147
1682,cust1372,71,11,211713
1683,cust2781,53,6,45596
1684,cust8231,113,1,18043
1685,cust877,65,3,88483
1686,cust2009,115,1,13542
1687,cust1066,15,11,140674
1688,cust1448,183,1,16940
1689,cust1104,224,3,42590
1690,cust3817,282,1,15372
1691,cust2167,112,1,14192
1692,cust352,99,3,73331
1693,cust1596,25,12,174580
1694,cust8262,130,1,56398
1695,cust5823,255,1,21682
1696,cust4714,211,2,14254
1697,cust3565,84,5,56756
1698,cust3199,163,1,70082
1699,cust642,88,4,236488
1700,cust1385,23,11,132764
1701,cust8283,197,1,261306
1702,cust1477,190,1,7115
1703,cust95,225,2,314487
1704,cust2162,154,1,9114
1705,cust2454,57,2,7583
1706,cust8295,260,1,33164
1707,cust4349,177,1,82471
1708,cust8091,85,2,16487
1709,cust2851,177,2,45692
1710,cust2652,92,3,47104
1711,cust2589,100,2,21780
1712,cust3124,60,3,230485
1713,cust1001,46,3,111105
1714,cust3821,78,6,266132
1715,cust4644,157,1,2551
1716,cust3540,163,1,20594
1717,cust4608,88,2,89087
1718,cust1915,31,6,119350
1719,cust2362,91,1,13184
1720,cust6471,158,1,8757
1721,cust2463,28,6,19697
1722,cust8335,94,1,1374
1723,cust3799,155,2,88908
1724,cust7673,142,1,7825
1725,cust5481,98,2,22474
1726,cust8339,108,1,2887
1727,cust3653,127,1,54526
1728,cust1580,59,2,96310
1729,cust6386,140,1,3099
1730,cust5766,106,1,22065
1731,cust3249,93,1,2214
1732,cust1675,91,3,60747
1733,cust4038,64,2,8965
1734,cust2765,225,1,10439
1735,cust5982,93,1,17046
1736,cust6625,176,2,29612
1737,cust779,80,2,80213
1738,cust3561,73,4,77206
1739,cust6833,108,1,34964
1740,cust3781,10,6,40506
1741,cust5149,72,4,252727
1742,cust3038,120,5,73021
1743,cust1095,35,4,28566
1744,cust703,29,3,9994
1745,cust3828,129,3,73444
1746,cust3802,73,4,91703
1747,cust303,123,1,102682
1748,cust3376,157,3,473515
1749,cust199,60,8,100440
1750,cust4488,70,1,1288
1751,cust206,262,1,15877
1752,cust2113,134,1,12888
1753,cust2345,108,3,290888
1754,cust3534,101,1,5906
1755,cust664,91,5,140535
1756,cust3976,100,1,9353
1757,cust4282,144,4,185827
1758,cust2733,81,3,33722
1759,cust4201,59,5,99866
1760,cust904,16,4,14248
1761,cust4813,63,3,31343
1762,cust1135,122,2,30151
1763,cust202,79,5,117646
1764,cust116,58,8,119779
1765,cust3240,60,5,45997
1766,cust2959,105,2,31350
1767,cust1958,142,7,172979
1768,cust2562,72,1,6688
1769,cust2912,32,7,70787
1770,cust5759,99,5,147276
1771,cust1185,58,10,290442
1772,cust403,59,6,44112
1773,cust1229,56,6,174769
1774,cust5845,126,1,52095
1775,cust1897,30,4,34458
1776,cust615,116,4,323153
1777,cust882,56,2,7333
1778,cust1979,49,17,78717
1779,cust3278,74,5,69318
1780,cust4866,150,4,101222
1781,cust344,224,3,159393
1782,cust7877,156,1,5665
1783,cust3688,114,2,19426
1784,cust7104,204,1,23922
1785,cust142,18,9,187349
1786,cust1404,60,2,285599
1787,cust1574,63,5,158573
1788,cust4541,107,2,37778
1789,cust1397,35,5,15812
1790,cust2263,219,1,173527
1791,cust736,36,8,159551
1792,cust4474,29,3,46876
1793,cust4862,71,4,60661
1794,cust4364,227,1,11310
1795,cust4656,14,4,32654
1796,cust7085,193,4,9973
1797,cust8541,102,1,11346
1798,cust4776,44,2,2655
1799,cust4118,85,1,17400
1800,cust5062,122,2,199840
1801,cust810,35,3,73177
1802,cust5473,94,1,3759
1803,cust460,284,1,125157
1804,cust1866,88,4,149449
1805,cust1266,64,9,161331
1806,cust697,18,8,393646
1807,cust4876,60,4,175309
1808,cust1756,60,2,9642
1809,cust6319,126,2,215612
1810,cust924,50,3,37729
1811,cust1242,25,6,38121
1812,cust866,212,3,9262
1813,cust3346,114,2,224349
1814,cust6787,107,1,2646
1815,cust7378,77,5,33128
1816,cust1905,66,2,18066
1817,cust1991,149,2,6486
1818,cust6280,59,4,118795
1819,cust2892,100,3,77001
1820,cust2831,163,3,139756
1821,cust1381,225,1,18230
1822,cust3191,109,7,106040
1823,cust3844,73,1,6791
1824,cust4790,86,1,5364
1825,cust2353,35,5,70743
1826,cust3491,42,3,20036
1827,cust3710,24,3,20055
1828,cust2379,78,2,26914
1829,cust2194,45,2,16062
1830,cust1551,176,1,46295
1831,cust3389,29,7,116488
1832,cust3091,42,11,126204
1833,cust2745,50,2,27116
1834,cust4066,73,2,39306
1835,cust8637,105,1,71819
1836,cust3926,134,1,23098
1837,cust2363,64,4,42750
1838,cust5624,66,7,181466
1839,cust4874,78,4,20883
1840,cust5843,101,1,7436
1841,cust4749,196,1,30223
1842,cust483,17,4,72951
1843,cust5998,100,3,1699486
1844,cust2719,53,11,257865
1845,cust3669,176,4,398004
1846,cust2653,52,5,48770
1847,cust6470,154,1,24178
1848,cust8566,235,2,4934
1849,cust5076,74,3,55800
1850,cust2147,71,3,105441
1851,cust5247,172,3,445299
1852,cust2521,262,1,3762
1853,cust55,29,4,109556
1854,cust6886,101,2,75978
1855,cust5291,63,2,88658
1856,cust3930,210,3,22954
1857,cust6054,261,1,17710
1858,cust6864,81,1,29058
1859,cust3759,121,5,700587
1860,cust7063,283,1,11597
1861,cust4571,161,1,4717
1862,cust7632,121,1,10869
1863,cust7622,112,4,246247
1864,cust1884,29,4,4405
1865,cust5313,51,3,12106
1866,cust8697,107,1,24040
1867,cust6839,122,1,8475
1868,cust3457,189,3,160480
1869,cust6411,112,2,50498
1870,cust1822,71,7,348242
1871,cust1446,51,9,121523
1872,cust7741,43,2,40652
1873,cust6806,79,3,7906
1874,cust2493,99,2,79293
1875,cust1760,87,3,86258
1876,cust1192,156,3,20929
1877,cust2032,63,7,151419
1878,cust889,113,3,137458
1879,cust3543,309,1,55910
1880,cust2707,144,2,15713
1881,cust4153,168,1,30908
1882,cust2630,112,1,17912
1883,cust524,114,6,92437
1884,cust248,207,1,51997
1885,cust426,105,2,148366
1886,cust2173,137,4,620466
1887,cust618,51,4,26650
1888,cust2565,344,1,13879
1889,cust3795,80,3,86460
1890,cust2944,338,1,22850
1891,cust561,80,2,20909
1892,cust1640,64,4,484217
1893,cust8773,99,2,7477
1894,cust3404,95,3,97279
1895,cust1331,59,5,30926
1896,cust1845,71,6,170617
1897,cust3712,91,3,54682
1898,cust3681,31,3,19751
1899,cust2515,58,2,21843
1900,cust5348,157,1,117733
1901,cust3941,185,3,692264
1902,cust3050,161,3,99617
1903,cust7952,88,1,34822
1904,cust7134,172,7,221713
1905,cust3973,205,2,42248
1906,cust5068,241,1,25784
1907,cust2047,73,3,127189
1908,cust1848,94,3,-21839
1909,cust5486,144,4,54941
1910,cust2245,123,2,25561
1911,cust5526,246,1,38169
1912,cust676,64,5,107582
1913,cust3569,92,2,20275
1914,cust3574,170,1,5087
1915,cust2458,60,3,41862
1916,cust2246,85,5,821968
1917,cust2230,96,3,321970
1918,cust4175,121,1,4902
1919,cust5760,38,8,21305
1920,cust4686,60,3,14055
1921,cust512,37,5,35719
1922,cust3324,77,1,24105
1923,cust634,32,9,85182
1924,cust1496,197,1,28984
1925,cust2686,24,4,24442
1926,cust8867,87,1,5378
1927,cust4119,84,3,52477
1928,cust2387,80,2,40305
1929,cust8876,60,2,29653
1930,cust3649,228,2,2798
1931,cust8891,91,1,31089
1932,cust1194,71,2,22774
1933,cust3044,179,1,27448
1934,cust3262,39,10,262579
1935,cust4983,210,1,-1746
1936,cust8900,254,1,21242
1937,cust5175,179,3,172352
1938,cust668,29,13,101153
1939,cust4074,101,1,22392
1940,cust2225,91,2,69906
1941,cust6110,317,1,70717
1942,cust1605,45,4,8221
1943,cust3742,207,1,27279
1944,cust838,81,6,113255
1945,cust2889,172,3,265883
1946,cust3061,58,5,54782
1947,cust2715,197,1,34836
1948,cust4169,196,1,3389
1949,cust1293,105,2,54105
1950,cust5337,59,6,232065
1951,cust5633,184,1,3627
1952,cust5969,142,1,44360
1953,cust2655,115,1,38366
1954,cust1348,73,2,36795
1955,cust7504,185,1,0
1956,cust4089,123,3,395407
1957,cust2206,44,2,12145
1958,cust4522,15,6,29456
1959,cust8961,263,1,9675
1960,cust4877,137,1,24901
1961,cust2644,86,9,678626
1962,cust3347,52,9,110569
1963,cust7303,135,1,28821
1964,cust4366,107,1,5416
1965,cust3834,44,3,13860
1966,cust6735,86,3,83333
1967,cust1993,24,2,44057
1968,cust5320,85,3,21819
1969,cust3718,178,3,65889
1970,cust2360,79,3,74576
1971,cust2024,95,8,369951
1972,cust3299,56,3,122204
1973,cust769,81,2,72423
1974,cust5031,67,2,27499
1975,cust3462,241,2,61805
1976,cust3780,44,3,38246
1977,cust2530,37,4,45012
1978,cust5968,297,1,-879
1979,cust2957,191,1,14127
1980,cust7221,92,1,7345
1981,cust1399,200,1,56982
1982,cust8853,112,1,88971
1983,cust1723,115,2,37134
1984,cust1810,108,4,7992
1985,cust7239,136,1,34674
1986,cust7014,123,1,2997
1987,cust5026,102,1,61660
1988,cust4334,136,1,26587
1989,cust507,45,6,61256
1990,cust5589,65,3,8267
1991,cust1096,105,5,81085
1992,cust2825,282,1,4575
1993,cust2710,172,1,53475
1994,cust4432,80,8,114820
1995,cust361,282,3,-2510
1996,cust3202,135,2,130894
1997,cust5151,74,3,3420
1998,cust4254,232,1,25508
1999,cust1878,107,3,33475
2000,cust4660,56,2,21876
2001,cust2193,254,2,88148
2002,cust2654,283,2,-2054
2003,cust2235,115,2,204602
2004,cust1968,28,3,83795
2005,cust972,38,5,24460
2006,cust3354,65,7,53292
2007,cust1977,134,3,131014
2008,cust740,15,9,87560
2009,cust264,30,4,47892
2010,cust1870,29,3,75459
2011,cust3076,219,2,120272
2012,cust6399,338,1,14254
2013,cust5965,101,1,2763
2014,cust4136,172,2,23262
2015,cust1562,122,2,41265
2016,cust4002,235,1,71650
2017,cust3451,65,4,18550
2018,cust5036,102,1,7948
2019,cust1603,78,3,30386
2020,cust4757,92,1,4976
2021,cust1356,39,5,51647
2022,cust1451,93,4,31171
2023,cust1165,147,2,47244
2024,cust3047,120,2,73534
2025,cust9144,77,1,643
2026,cust3614,210,1,3632
2027,cust4219,58,3,25647
2028,cust1154,136,5,659629
2029,cust3777,235,2,115406
2030,cust7253,85,1,47567
2031,cust558,107,3,56777
2032,cust7223,308,1,6478
2033,cust5826,157,1,37604
2034,cust2055,94,3,12849
2035,cust819,59,2,6325
2036,cust5630,122,1,4832
2037,cust1624,49,22,589360
2038,cust9178,283,1,57298
2039,cust2318,64,3,84899
2040,cust7290,81,1,12055
2041,cust46,30,3,10176
2042,cust1284,46,5,45744
2043,cust6055,84,3,15039
2044,cust6196,16,4,120048
2045,cust3225,102,1,26895
2046,cust8844,171,1,25245
2047,cust607,106,1,25405
2048,cust2021,39,3,13893
2049,cust4248,93,1,3435
2050,cust4738,73,3,166771
2051,cust8578,60,2,35073
2052,cust2350,21,6,37270
2053,cust2289,161,1,26074
2054,cust8485,84,1,8915
2055,cust9219,94,1,698
2056,cust2035,93,1,4228
2057,cust7362,94,1,8383
2058,cust1917,86,2,83456
2059,cust3343,18,9,123436
2060,cust1349,67,3,40840
2061,cust4961,225,1,65009
2062,cust2418,71,6,58555
2063,cust1201,128,4,91389
2064,cust2359,93,8,183217
2065,cust3708,136,1,3885
2066,cust464,39,4,29233
2067,cust2424,164,1,83875
2068,cust6221,105,1,4432
2069,cust8600,121,1,36305
2070,cust2790,129,1,1471
2071,cust7743,79,1,3698
2072,cust1941,85,3,108274
2073,cust6265,182,3,154017
2074,cust3531,85,1,11495
2075,cust928,15,3,24061
2076,cust2083,28,4,39272
2077,cust3523,17,5,18885
2078,cust1826,65,6,368266
2079,cust4389,45,2,13753
2080,cust4409,219,1,65235
2081,cust1396,39,10,152668
2082,cust1894,92,1,1825
2083,cust2439,105,5,141295
2084,cust8318,119,1,8683
2085,cust4857,99,2,4710
2086,cust3129,162,1,9787
2087,cust3707,78,2,28130
2088,cust2681,63,5,200352
2089,cust5283,99,1,45823
2090,cust112,36,4,150103
2091,cust8564,108,1,44780
2092,cust1618,94,2,86886
2093,cust6289,185,1,19249
2094,cust1607,60,4,305992
2095,cust574,70,3,21327
2096,cust2555,63,2,4890
2097,cust2158,53,5,89721
2098,cust2665,161,1,11233
2099,cust758,58,4,67127
2100,cust1222,84,3,201188
2101,cust4751,130,1,37305
2102,cust3750,42,6,51493
2103,cust1901,155,2,74103
2104,cust1921,18,4,43921
2105,cust3423,93,6,76924
2106,cust5167,204,1,33677
2107,cust9385,206,1,31200
2108,cust4595,46,2,25041
2109,cust591,16,6,114621
2110,cust7269,157,1,3267
2111,cust2171,119,2,9089
2112,cust598,43,2,56955
2113,cust9406,123,1,924
2114,cust750,107,1,24197
2115,cust309,35,6,172124
2116,cust2177,51,6,44474
2117,cust1616,155,1,-3155
2118,cust3164,63,2,15810
2119,cust4984,172,2,216093
2120,cust1856,73,2,991
2121,cust4617,101,1,4622
2122,cust1140,79,4,39334
2123,cust1600,63,3,14402
2124,cust3626,231,3,26351
2125,cust1132,141,8,171193
2126,cust2525,87,2,12977
2127,cust3237,63,4,156929
2128,cust9427,72,1,33670
2129,cust1590,29,2,40161
2130,cust2309,24,4,14987
2131,cust1823,38,5,157872
2132,cust2961,108,6,61963
2133,cust3114,72,1,7461
2134,cust2721,59,2,9397
2135,cust1673,66,4,178577
2136,cust4346,119,3,213779
2137,cust2556,38,5,167824
2138,cust3517,183,1,4386
2139,cust213,18,13,281945
2140,cust2015,46,8,230663
2141,cust3448,254,1,873
2142,cust4956,30,2,66051
2143,cust1855,105,3,109720
2144,cust1744,44,3,48186
2145,cust1610,25,3,25872
2146,cust8253,113,1,37194
2147,cust3192,88,1,7837
2148,cust8803,113,1,3400
2149,cust3608,81,2,23281
2150,cust2896,119,1,5207
2151,cust4058,70,2,8545
2152,cust2247,88,3,36384
2153,cust5468,66,3,86268
2154,cust1800,63,4,98664
2155,cust9503,84,1,4556
2156,cust1651,109,2,8360
2157,cust7515,255,1,-767
2158,cust2373,183,3,40875
2159,cust9512,119,1,4193
2160,cust5911,256,2,18478
2161,cust626,242,1,262928
2162,cust2612,107,2,21551
2163,cust951,38,6,112498
2164,cust3882,79,1,5882
2165,cust1568,59,3,137641
2166,cust1312,107,2,52302
2167,cust4408,137,1,3289
2168,cust6026,51,3,15596
2169,cust5583,42,3,20483
2170,cust6393,92,2,3629
2171,cust4358,233,3,77649
2172,cust419,50,4,222788
2173,cust477,129,2,71477
2174,cust6569,86,1,2570
2175,cust726,46,2,113666
2176,cust1527,60,2,4067
2177,cust7495,135,1,2043
2178,cust4239,178,2,13414
2179,cust6187,142,2,16494
2180,cust919,101,2,16889
2181,cust165,311,1,3404
2182,cust2178,240,1,101905
2183,cust1907,36,5,40904
2184,cust9568,122,1,5248
2185,cust3736,176,2,16933
2186,cust2105,56,3,64488
2187,cust6477,37,4,30034
2188,cust6075,78,1,738
2189,cust2640,115,1,40729
2190,cust5515,35,3,87245
2191,cust5751,114,1,6171
2192,cust3915,101,4,457374
2193,cust9590,122,1,9527
2194,cust5967,120,1,8846
2195,cust563,53,5,178768
2196,cust5859,66,2,18343
2197,cust1927,78,8,559360
2198,cust4276,134,3,40534
2199,cust590,242,2,52772
2200,cust474,122,14,251564
2201,cust4863,228,1,-3812
2202,cust7617,38,2,33340
2203,cust8687,171,1,8086
2204,cust5494,290,2,53640
2205,cust7306,221,1,-1843
2206,cust1805,56,5,30967
2207,cust4262,94,1,3437
2208,cust4332,66,3,1636186
2209,cust7742,151,1,850
2210,cust4674,256,1,5282
2211,cust4742,123,1,74392
2212,cust3200,81,3,40726
2213,cust2642,262,2,209921
2214,cust7199,144,2,43578
2215,cust1967,206,4,77897
2216,cust3820,65,4,215674
2217,cust3920,115,2,42763
2218,cust3409,127,2,326043
2219,cust1909,38,3,24591
2220,cust672,38,6,115532
2221,cust506,106,1,5447
2222,cust6302,240,2,25608
2223,cust294,193,3,267188
2224,cust4255,39,3,53378
2225,cust8054,98,1,4475
2226,cust5142,214,2,22077
2227,cust4012,226,1,16112
2228,cust3833,129,1,6775
2229,cust2824,93,2,23515
2230,cust4508,239,2,9146
2231,cust2619,193,1,54847
2232,cust7554,105,2,77363
2233,cust6900,91,2,28604
2234,cust2196,36,3,84191
2235,cust4816,112,1,57738
2236,cust9709,102,1,1111
2237,cust3638,226,2,14760
2238,cust1079,28,6,137690
2239,cust4775,94,3,12566
2240,cust2859,100,2,16206
2241,cust1615,108,3,37447
2242,cust8432,206,1,12600
2243,cust6202,130,1,9983
2244,cust3514,84,2,102421
2245,cust3480,210,1,16053
2246,cust2392,107,1,4474
2247,cust6501,119,1,20399
2248,cust110,11,8,228507
2249,cust3122,87,1,4889
2250,cust2067,85,6,143506
2251,cust2294,349,1,142444
2252,cust925,44,3,87603
2253,cust4337,35,3,21654
2254,cust6903,100,1,4035
2255,cust6388,155,3,113222
2256,cust4426,51,2,41556
2257,cust5646,31,4,43091
2258,cust286,66,1,5583
2259,cust629,23,5,58316
2260,cust661,57,3,109707
2261,cust1082,78,1,7776
2262,cust1138,190,2,112052
2263,cust1183,36,5,463015
2264,cust1403,18,11,641479
2265,cust1503,322,1,74209
2266,cust1531,108,1,35872
2267,cust1606,92,1,61777
2268,cust1635,81,1,6336
2269,cust1328,130,12,210433
2270,cust1835,50,2,70223
2271,cust2074,44,1,12937
2272,cust2183,95,2,88059
2273,cust2218,70,2,72029
2274,cust1546,44,4,174344
2275,cust2407,72,2,210072
2276,cust2248,80,1,13501
2277,cust2594,190,5,32905
2278,cust1360,95,21,496085
2279,cust2537,39,2,32619
2280,cust2755,85,1,37913
2281,cust2779,53,2,137942
2282,cust2808,170,1,-2330
2283,cust2292,122,1,123604
2284,cust2916,88,7,985353
2285,cust2956,98,1,68277
2286,cust3011,80,1,227318
2287,cust3102,22,4,52093
2288,cust3174,56,2,60785
2289,cust3189,78,5,134516
2290,cust2499,23,4,77712
2291,cust1701,85,3,82274
2292,cust3400,184,1,16854
2293,cust2534,35,4,52145
2294,cust966,92,3,129036
2295,cust3550,21,4,41684
2296,cust2904,65,5,240855
2297,cust3584,185,1,5311
2298,cust2751,88,4,35258
2299,cust3749,205,1,131909
2300,cust2412,93,1,57449
2301,cust2593,67,6,150798
2302,cust3980,63,1,42291
2303,cust4022,32,2,88161
2304,cust4044,92,2,14102
2305,cust1285,50,3,53671
2306,cust4082,248,1,24392
2307,cust4106,140,1,38667
2308,cust1597,245,1,87543
2309,cust4191,149,1,30101
2310,cust1471,232,2,18128
2311,cust1844,95,8,848931
2312,cust4308,109,1,37766
2313,cust4324,57,2,22891
2314,cust4325,84,1,38709
2315,cust1750,109,7,341071
2316,cust4438,51,2,10077
2317,cust4452,106,1,65436
2318,cust1237,28,7,277228
2319,cust2918,53,4,150634
2320,cust4477,59,1,5810
2321,cust1438,142,2,34443
2322,cust3729,79,6,83773
2323,cust3778,57,2,175267
2324,cust4563,141,3,212362
2325,cust1384,29,5,134870
2326,cust567,219,2,173447
2327,cust2722,164,1,37873
2328,cust4612,105,1,85490
2329,cust1811,71,3,130903
2330,cust3545,336,2,25512
2331,cust3256,163,2,94499
2332,cust4713,63,2,73317
2333,cust2042,92,1,17489
2334,cust4586,59,2,27623
2335,cust212,91,1,66371
2336,cust2541,161,1,72440
2337,cust4196,85,3,59453
2338,cust797,78,2,66981
2339,cust3927,80,1,20241
2340,cust1849,144,2,34051
2341,cust4030,92,2,35638
2342,cust4354,64,1,33660
2343,cust3320,73,1,46909
2344,cust2098,74,3,152012
2345,cust2287,63,2,77786
2346,cust2559,42,3,134881
2347,cust153,157,2,178839
2348,cust479,36,4,46203
2349,cust4978,102,1,-526
2350,cust2315,70,2,31791
2351,cust4994,81,1,6228
2352,cust3214,123,6,1295658
2353,cust1536,38,6,70508
2354,cust5044,119,1,70748
2355,cust4542,59,1,5642
2356,cust3606,214,2,33150
2357,cust3058,58,2,67641
2358,cust1098,99,7,459561
2359,cust534,25,9,139606
2360,cust1300,28,5,254368
2361,cust5263,85,1,57990
2362,cust1871,58,6,39527
2363,cust3004,185,2,25693
2364,cust5308,92,2,32859
2365,cust3125,87,1,-15688
2366,cust4040,28,2,52257
2367,cust5381,85,1,632
2368,cust3655,58,2,6705
2369,cust2402,192,2,51601
2370,cust1945,45,3,21142
2371,cust5467,92,1,46780
2372,cust5478,74,1,36277
2373,cust4381,109,1,27534
2374,cust1059,70,2,95011
2375,cust5543,100,1,5467
2376,cust5553,238,1,73060
2377,cust648,95,2,151301
2378,cust5566,37,3,70236
2379,cust499,56,2,68636
2380,cust5638,50,2,27984
2381,cust1038,235,3,81752
2382,cust902,66,2,5682
2383,cust2189,241,3,201789
2384,cust2476,30,7,72936
2385,cust5755,74,1,5274
2386,cust304,36,2,65077
2387,cust2321,52,6,288140
2388,cust2873,63,1,10829
2389,cust2000,211,1,-26
2390,cust1774,179,5,99123
2391,cust5801,63,1,46183
2392,cust4962,164,1,44159
2393,cust2395,17,4,244498
2394,cust1499,30,13,165499
2395,cust1329,283,1,21094
2396,cust537,16,9,121282
2397,cust3116,189,1,20684
2398,cust2197,116,1,44825
2399,cust3210,85,2,74277
2400,cust3988,100,1,20625
2401,cust6064,211,1,2272
2402,cust5246,149,2,55572
2403,cust2017,25,4,-8170
2404,cust549,245,4,136598
2405,cust2112,36,3,23384
2406,cust6032,77,1,11200
2407,cust6094,52,1,64651
2408,cust6106,66,1,5502
2409,cust6112,84,1,159171
2410,cust1891,84,2,31734
2411,cust2215,79,1,3217
2412,cust2508,24,3,54131
2413,cust3439,128,2,130061
2414,cust205,78,2,151036
2415,cust6194,78,1,14360
2416,cust863,31,7,145093
2417,cust2975,109,1,16011
2418,cust1168,93,6,158902
2419,cust1843,25,5,118283
2420,cust4494,206,2,12631
2421,cust6256,99,1,8278
2422,cust4037,136,2,53552
2423,cust5839,107,2,14526
2424,cust1286,94,3,82808
2425,cust3042,39,1,534
2426,cust6279,74,1,172695
2427,cust2641,130,1,44610
2428,cust2176,231,3,107696
2429,cust5919,65,4,529737
2430,cust2080,225,1,122593
2431,cust1287,200,4,144901
2432,cust6331,169,1,24499
2433,cust243,79,4,103284
2434,cust2861,53,3,73132
2435,cust2588,85,2,144938
2436,cust6363,51,1,70191
2437,cust6375,70,1,9186
2438,cust6385,128,1,45020
2439,cust6390,31,4,59639
2440,cust6394,105,2,271799
2441,cust6036,84,1,29425
2442,cust1715,193,3,142188
2443,cust291,84,3,153110
2444,cust3384,210,1,19970
2445,cust4967,157,2,56865
2446,cust1248,70,3,29113
2447,cust1825,17,3,217307
2448,cust6352,78,1,11355
2449,cust6461,81,2,27964
2450,cust1946,32,3,14591
2451,cust6469,177,1,39353
2452,cust5267,120,1,13559
2453,cust983,106,5,187633
2454,cust6481,49,1,9286
2455,cust6514,60,1,11524
2456,cust1994,98,2,31673
2457,cust6528,66,1,18677
2458,cust1925,78,1,32047
2459,cust5521,72,1,32082
2460,cust1995,148,2,62709
2461,cust6561,65,1,4025
2462,cust1961,30,3,109369
2463,cust6486,65,1,44086
2464,cust1739,176,1,11138
2465,cust80,88,1,146479
2466,cust3425,212,4,128021
2467,cust2687,57,8,516400
2468,cust6598,56,1,12924
2469,cust3981,93,2,17487
2470,cust1468,39,6,40703
2471,cust2850,79,4,81698
2472,cust6174,74,1,89126
2473,cust4102,65,2,294501
2474,cust3519,189,2,23940
2475,cust5158,67,1,5710
2476,cust1355,30,4,24316
2477,cust6250,185,1,26270
2478,cust6677,259,1,31569
2479,cust3206,228,3,-11267
2480,cust6704,52,1,1187
2481,cust2241,116,5,66910
2482,cust6209,73,1,16837
2483,cust5277,248,1,22817
2484,cust6742,140,1,4118
2485,cust6767,185,1,68822
2486,cust1017,31,5,54615
2487,cust3362,205,1,5413
2488,cust5430,95,2,27011
2489,cust3903,100,3,173245
2490,cust4199,113,1,51011
2491,cust4798,51,4,52619
2492,cust2649,64,1,713523
2493,cust1161,67,1,75939
2494,cust2529,94,10,243864
2495,cust4091,290,2,143543
2496,cust6870,63,2,10532
2497,cust6888,129,1,14181
2498,cust3631,71,2,19081
2499,cust312,70,1,6607
2500,cust1488,197,5,77685
2501,cust6927,161,1,65704
2502,cust6955,193,2,20522
2503,cust2615,58,2,248115
2504,cust2860,88,1,66003
2505,cust4283,18,4,12886
2506,cust5609,32,2,57673
2507,cust5109,193,1,37035
2508,cust4817,35,5,303571
2509,cust7026,66,1,1908
2510,cust1148,30,4,111731
2511,cust5107,170,1,0
2512,cust717,28,6,143367
2513,cust5522,28,3,-107381
2514,cust7110,162,1,87171
2515,cust7115,169,2,33287
2516,cust855,260,1,7862
2517,cust1783,240,1,32271
2518,cust1501,59,6,116136
2519,cust4459,99,1,11600
2520,cust7142,309,1,-881
2521,cust559,179,1,57867
2522,cust2627,154,1,91937
2523,cust1116,21,5,31935
2524,cust7181,233,1,25253
2525,cust6893,86,1,5045
2526,cust1678,28,3,71500
2527,cust2320,78,2,27575
2528,cust4865,231,1,30269
2529,cust4336,88,2,62224
2530,cust6205,256,1,320838
2531,cust915,99,1,37450
2532,cust5484,87,1,7430
2533,cust7281,74,1,28038
2534,cust6177,71,1,8132
2535,cust7254,148,1,29683
2536,cust1494,57,3,283126
2537,cust7317,65,1,0
2538,cust4906,78,2,1146514
2539,cust5896,122,2,20272
2540,cust5743,178,1,5202
2541,cust6129,52,1,14280
2542,cust2427,72,1,20233
2543,cust2603,84,4,226403
2544,cust2817,36,5,201499
2545,cust3560,107,3,98343
2546,cust3658,42,3,110971
2547,cust4723,116,1,56058
2548,cust4573,182,4,92214
2549,cust3412,121,1,32288
2550,cust2249,31,4,82893
2551,cust5015,241,4,376942
2552,cust4295,134,1,32110
2553,cust7546,64,1,8404
2554,cust4503,72,2,56477
2555,cust767,107,1,358726
2556,cust6788,35,3,25176
2557,cust7578,109,1,7119
2558,cust413,128,1,6867
2559,cust3233,136,1,192975
2560,cust7206,81,2,190956
2561,cust3558,191,1,21309
2562,cust2027,259,1,9773
2563,cust3261,87,1,16016
2564,cust1120,58,3,236420
2565,cust6825,211,2,368457
2566,cust1862,233,2,41179
2567,cust7688,91,1,29787
2568,cust4287,35,2,21752
2569,cust6924,154,1,57988
2570,cust1789,85,1,56068
2571,cust3978,102,2,123338
2572,cust719,171,1,13732
2573,cust2301,77,1,84645
2574,cust910,25,3,41330
2575,cust6378,74,3,82537
2576,cust1037,58,3,42367
2577,cust321,119,1,33154
2578,cust126,71,1,4601
2579,cust4553,49,2,29102
2580,cust1529,207,5,54118
2581,cust7815,71,1,17880
2582,cust6453,70,2,27592
2583,cust2554,261,1,55238
2584,cust2396,172,1,8190
2585,cust5053,105,1,11009
2586,cust7855,58,1,3274
2587,cust7860,51,1,1628
2588,cust3796,240,3,88522
2589,cust7893,85,2,40216
2590,cust3326,268,1,224523
2591,cust2048,105,1,179365
2592,cust1552,100,1,17742
2593,cust7909,71,1,459
2594,cust2846,45,1,6857
2595,cust7954,66,2,90307
2596,cust3868,102,1,7815
2597,cust1171,135,4,244498
2598,cust4818,50,1,5172
2599,cust4433,79,4,67730
2600,cust4806,85,1,43877
2601,cust3222,84,1,2631
2602,cust2822,113,1,76175
2603,cust7995,175,1,9765
2604,cust2582,44,2,95773
2605,cust1821,98,4,30166
2606,cust3386,79,2,95488
2607,cust6366,199,1,-31935
2608,cust2811,262,1,38934
2609,cust800,70,1,2110
2610,cust2254,59,2,23642
2611,cust4081,190,4,160656
2612,cust1353,44,3,10132
2613,cust2547,77,1,29221
2614,cust5840,93,1,19705
2615,cust7750,91,1,11797
2616,cust8120,59,1,4424
2617,cust8129,246,1,13225
2618,cust2967,56,2,14924
2619,cust5728,144,1,1626
2620,cust4512,129,1,1793
2621,cust8164,43,2,2243
2622,cust4100,134,2,120789
2623,cust5405,175,1,35984
2624,cust1421,92,2,71575
2625,cust2059,39,2,40187
2626,cust1206,249,1,6201
2627,cust688,218,1,25187
2628,cust2854,130,2,28793
2629,cust1929,60,5,47385
2630,cust8289,91,1,673
2631,cust5171,79,2,94953
2632,cust5802,203,1,17623
2633,cust8311,95,1,2707
2634,cust8319,60,1,6796
2635,cust3216,95,3,152614
2636,cust5216,135,1,14364
2637,cust3408,91,2,261240
2638,cust1689,155,1,530704
2639,cust731,150,1,17071
2640,cust744,56,1,28979
2641,cust8388,87,1,294
2642,cust2852,105,2,107931
2643,cust4889,205,2,18842
2644,cust8398,73,1,4116
2645,cust4042,268,1,39565
2646,cust5180,93,5,698186
2647,cust2155,39,2,12515
2648,cust3723,120,2,84781
2649,cust2285,56,1,2379
2650,cust6549,65,1,4924
2651,cust5001,99,1,32337
2652,cust2110,162,2,39587
2653,cust4296,128,1,69430
2654,cust1688,68,8,590222
2655,cust3858,23,2,38882
2656,cust8056,204,1,61678
2657,cust5111,56,3,46221
2658,cust5720,60,1,20033
2659,cust5341,241,1,18900
2660,cust6370,63,2,35336
2661,cust1753,227,1,10180
2662,cust1022,154,1,21582
2663,cust1883,743,1,-14992
2664,cust1014,93,1,37608
2665,cust2276,23,2,7139
2666,cust6482,35,2,31610
2667,cust4903,65,1,34948
2668,cust4764,67,1,9232
2669,cust4208,93,3,80272
2670,cust3837,43,2,10131
2671,cust1346,80,3,34979
2672,cust8330,51,1,11838
2673,cust5518,88,2,28364
2674,cust5024,144,2,11940
2675,cust1611,87,1,16296
2676,cust7224,56,4,36652
2677,cust1857,88,2,45373
2678,cust2791,130,1,22488
2679,cust1842,133,1,34879
2680,cust6322,78,1,4234
2681,cust2388,58,1,7799
2682,cust3691,205,1,29369
2683,cust2679,51,1,19728
2684,cust3532,43,3,53329
2685,cust2580,130,1,45707
2686,cust4943,88,1,4025
2687,cust4418,37,6,73156
2688,cust2797,282,2,31551
2689,cust4374,31,5,24092
2690,cust4899,88,1,32778
2691,cust1152,102,2,85184
2692,cust5302,121,1,8702
2693,cust1973,86,1,24468
2694,cust4765,42,1,3065
2695,cust6908,73,1,11103
2696,cust4441,578,1,-21062
2697,cust2393,11,6,81032
2698,cust741,207,1,36878
2699,cust508,24,8,199903
2700,cust6255,107,1,34851
2701,cust2864,134,1,36466
2702,cust3520,176,1,34819
2703,cust4225,211,1,12163
2704,cust5398,172,1,14170
2705,cust8427,231,1,12715
2706,cust1261,84,2,306383
2707,cust3385,58,1,20743
2708,cust5310,91,1,1072
2709,cust8769,93,1,4846
2710,cust8936,92,1,3300
2711,cust2981,72,1,87426
2712,cust6276,108,1,3534
2713,cust3983,46,1,4961
2714,cust5265,155,2,46600
2715,cust8962,231,1,5613
2716,cust4953,66,1,21192
2717,cust4094,108,1,165144
2718,cust1392,122,1,67690
2719,cust8980,78,1,3400
2720,cust6997,49,1,3126
2721,cust4229,219,1,25599
2722,cust1280,88,1,42802
2723,cust8987,196,1,19680
2724,cust7941,128,1,11034
2725,cust587,311,1,424
2726,cust995,245,1,12613
2727,cust2448,59,1,561
2728,cust8898,137,1,33930
2729,cust3680,184,1,179296
2730,cust4051,140,1,39320
2731,cust3454,150,2,96712
2732,cust1684,200,1,3105
2733,cust9039,71,1,2458
2734,cust2100,65,1,20291
2735,cust3106,136,1,6218
2736,cust1515,100,2,6801
2737,cust3627,85,2,48310
2738,cust9052,53,1,10581
2739,cust3473,60,2,61665
2740,cust6992,144,1,9066
2741,cust6182,63,1,10710
2742,cust8378,354,1,-1100
2743,cust238,91,1,37267
2744,cust5027,238,1,17589
2745,cust4905,81,2,109518
2746,cust2987,143,1,8207
2747,cust118,405,1,-585
2748,cust8913,168,1,21583
2749,cust3381,46,2,17836
2750,cust7080,242,1,9364
2751,cust3133,287,1,-2278
2752,cust4641,101,2,56647
2753,cust3526,92,2,10910
2754,cust8916,84,1,22427
2755,cust3296,198,2,38242
2756,cust9147,175,1,6925
2757,cust3215,49,2,13371
2758,cust5797,88,1,10016
2759,cust9036,233,1,4496
2760,cust1186,56,3,38982
2761,cust5983,149,1,22022
2762,cust3709,74,1,19773
2763,cust6850,136,1,196265
2764,cust5382,43,2,174514
2765,cust2720,22,4,-255401
2766,cust3104,94,1,12231
2767,cust4761,37,2,10051
2768,cust6136,112,1,35921
2769,cust7960,22,2,28370
2770,cust1159,57,1,9172
2771,cust9278,84,2,31042
2772,cust5663,164,1,10495
2773,cust2361,235,2,86367
2774,cust3094,37,5,82834
2775,cust6803,108,1,58892
2776,cust5634,37,2,5820
2777,cust851,99,2,74390
2778,cust845,93,2,70492
2779,cust4934,106,1,25213
2780,cust7164,72,1,5464
2781,cust6123,85,1,11039
2782,cust6687,88,1,22503
2783,cust3168,42,2,4356
2784,cust540,63,3,50860
2785,cust4428,86,1,8144
2786,cust4786,70,1,41683
2787,cust6169,29,2,108575
2788,cust9352,93,1,19901
2789,cust1276,267,2,-18971
2790,cust5077,254,1,40787
2791,cust8634,45,1,2232
2792,cust7651,70,1,24270
2793,cust9386,93,1,7975
2794,cust4184,85,1,33061
2795,cust1525,161,1,7718
2796,cust4707,140,1,33468
2797,cust4911,102,1,23622
2798,cust1189,50,7,113765
2799,cust5206,162,1,8750
2800,cust1509,32,3,20412
2801,cust927,31,3,23122
2802,cust4286,53,1,6532
2803,cust4215,84,1,18904
2804,cust6942,112,2,136710
2805,cust3396,114,1,39451
2806,cust8979,57,1,20992
2807,cust7777,136,1,7114
2808,cust5205,430,1,5835
2809,cust5937,74,2,4115
2810,cust6141,50,3,33733
2811,cust3006,64,5,291951
2812,cust8547,94,1,926
2813,cust2156,219,1,32866
2814,cust2054,213,2,74208
2815,cust9115,240,1,11653
2816,cust5169,150,1,28865
2817,cust3746,81,1,9587
2818,cust4209,98,1,16830
2819,cust1867,248,3,11003
2820,cust4410,87,1,36346
2821,cust5186,169,1,1758
2822,cust1804,309,1,-278
2823,cust4531,172,1,11621
2824,cust5327,108,1,11882
2825,cust2375,94,1,11542
2826,cust3348,114,2,20486
2827,cust9004,80,1,8015
2828,cust2664,50,2,58693
2829,cust4736,60,2,48476
2830,cust4779,92,2,338083
2831,cust8555,51,2,53538
2832,cust1831,79,4,47679
2833,cust8879,204,1,15596
2834,cust9552,66,1,6409
2835,cust2097,127,1,75643
2836,cust5717,162,1,3891
2837,cust2435,535,1,-2481
2838,cust3332,221,1,6371
2839,cust266,80,1,4830
2840,cust5512,304,1,51827
2841,cust1712,101,1,16711
2842,cust3263,85,1,6222
2843,cust5999,170,1,66769
2844,cust3342,102,1,42552
2845,cust5404,87,1,56520
2846,cust4902,109,1,38638
2847,cust1105,163,1,-30942
2848,cust8799,84,1,9178
2849,cust6251,151,1,98564
2850,cust1785,240,1,64518
2851,cust9645,86,1,7229
2852,cust4026,240,1,35915
2853,cust6147,268,1,-2473
2854,cust1282,53,3,51408
2855,cust5774,176,1,6458
2856,cust7526,59,1,12691
2857,cust5415,106,2,245087
2858,cust7300,205,2,81693
2859,cust1864,87,2,17693
2860,cust7121,99,1,13270
2861,cust9253,64,1,13348
2862,cust3853,77,2,15858
2863,cust9691,171,1,7027
2864,cust583,65,1,28306
2865,cust843,37,1,2325
2866,cust1036,66,2,18752
2867,cust1131,64,1,27691
2868,cust1799,31,1,249
2869,cust2227,178,1,22419
2870,cust671,45,5,176768
2871,cust2269,143,1,12927
2872,cust2332,170,1,1155
2873,cust571,45,1,29270
2874,cust2152,50,1,45675
2875,cust2678,11,9,187097
2876,cust2045,113,1,76880
2877,cust2794,101,1,31952
2878,cust2801,63,3,254760
2879,cust123,22,1,134292
2880,cust2432,28,2,42408
2881,cust2533,109,2,33706
2882,cust3028,58,2,28638
2883,cust3367,58,1,8544
2884,cust3445,80,4,267808
2885,cust1707,247,1,32480
2886,cust2143,120,3,212030
2887,cust3993,141,1,37115
2888,cust3470,50,3,13926
2889,cust751,227,1,28275
2890,cust4213,163,1,23254
2891,cust4217,211,1,26189
2892,cust3185,29,1,4706
2893,cust3274,37,1,14468
2894,cust3175,50,1,34531
2895,cust3415,35,2,36631
2896,cust4435,136,1,44046
2897,cust4572,119,1,37752
2898,cust4598,29,3,13740
2899,cust4652,64,1,3733
2900,cust4490,38,2,9142
2901,cust4692,24,1,62549
2902,cust1068,50,3,178635
2903,cust4835,44,1,9115
2904,cust4845,99,2,33799
2905,cust3505,221,1,16702
2906,cust4881,256,1,31453
2907,cust2986,51,1,36305
2908,cust4854,58,1,19300
2909,cust3715,35,2,5112
2910,cust967,102,1,60661
2911,cust5078,79,1,2665
2912,cust3431,129,1,21165
2913,cust5132,102,1,17906
2914,cust4095,175,3,33119
2915,cust2578,109,2,44627
2916,cust5196,65,2,80589
2917,cust1071,91,1,32060
2918,cust1383,114,2,28362
2919,cust5393,37,1,21298
2920,cust1117,102,1,34189
2921,cust5414,177,1,16265
2922,cust5436,79,1,6542
2923,cust3239,157,2,79694
2924,cust3776,32,1,5134
2925,cust2718,92,1,31113
2926,cust5477,114,1,43772
2927,cust5425,49,1,50458
2928,cust4373,50,1,27744
2929,cust4126,38,2,34900
2930,cust2708,164,1,143125
2931,cust4787,44,2,20934
2932,cust4347,154,2,2451
2933,cust3301,101,1,7860
2934,cust5236,158,1,52260
2935,cust5226,122,2,86651
2936,cust5649,58,1,3205
2937,cust5662,85,1,17084
2938,cust1094,29,5,18426
2939,cust788,35,1,10834
2940,cust2049,35,2,47922
2941,cust4875,164,1,7413
2942,cust2577,36,1,697
2943,cust1731,53,1,60214
2944,cust3474,238,1,41200
2945,cust517,126,1,23591
2946,cust1714,203,1,57849
2947,cust3670,36,2,23154
2948,cust5824,136,1,-789
2949,cust5701,31,1,8076
2950,cust871,137,3,9800
2951,cust253,38,1,5686
2952,cust6090,80,1,3067
2953,cust3686,121,1,6578
2954,cust1157,36,1,17968
2955,cust2805,80,1,35971
2956,cust6133,25,1,8955
2957,cust1882,14,3,48610
2958,cust6050,58,3,51005
2959,cust992,235,1,23497
2960,cust4092,56,1,78256
2961,cust1629,51,3,277349
2962,cust4392,154,2,35695
2963,cust3259,241,1,40155
2964,cust2066,36,1,4791
2965,cust6299,155,1,5102
2966,cust4498,92,1,90937
2967,cust2394,63,2,75003
2968,cust6365,73,2,19255
2969,cust310,31,3,11575
2970,cust6484,42,1,35355
2971,cust6428,21,1,10061
2972,cust2180,49,1,155603
2973,cust4018,17,2,7586
2974,cust2552,107,1,64920
2975,cust5088,44,1,12224
2976,cust6588,71,2,7095
2977,cust3136,92,1,40890
2978,cust6632,24,1,38325
2979,cust1652,32,1,27621
2980,cust1627,29,2,35257
2981,cust6671,53,1,28959
2982,cust2331,163,4,47403
2983,cust6335,45,2,42971
2984,cust1661,85,3,13389
2985,cust4846,44,1,27503
2986,cust3461,36,1,2351
2987,cust6852,72,1,9514
2988,cust6885,30,2,63370
2989,cust5880,43,2,8862
2990,cust6918,71,1,160216
2991,cust5976,102,1,26829
2992,cust3283,17,3,18760
2993,cust6945,36,1,0
2994,cust3602,107,1,18946
2995,cust3277,77,1,25909
2996,cust2993,105,1,72216
2997,cust7015,63,1,4114
2998,cust5441,154,1,46758
2999,cust7039,57,1,8596
3000,cust6149,92,1,4943
3001,cust4740,193,1,20398
3002,cust1567,184,1,140976
3003,cust3997,46,1,27089
3004,cust7148,345,1,-37
3005,cust4195,74,3,41564
3006,cust4766,98,1,59313
3007,cust3518,235,1,4837
3008,cust4327,91,1,66038
3009,cust4465,73,1,8749
3010,cust4258,16,1,3748
3011,cust7257,42,1,19192
3012,cust2438,73,2,29287
3013,cust4587,14,1,27036
3014,cust7322,30,1,16321
3015,cust3747,58,1,452
3016,cust1742,42,1,14895
3017,cust7392,23,2,5946
3018,cust1741,184,1,14224
3019,cust302,100,1,14468
3020,cust3407,143,1,1444
3021,cust7454,66,1,9688
3022,cust6566,43,2,19736
3023,cust2518,191,1,15300
3024,cust4111,231,1,25566
3025,cust1625,141,3,24818
3026,cust2391,184,1,15290
3027,cust4577,17,1,6793
3028,cust1830,66,1,2492
3029,cust3392,203,1,107737
3030,cust4938,87,2,29470
3031,cust7573,18,1,268
3032,cust7581,52,1,18328
3033,cust4803,39,1,24618
3034,cust4298,36,1,4024
3035,cust7643,85,1,4155
3036,cust6912,123,1,83178
3037,cust6593,99,1,9680
3038,cust4473,240,1,23123
3039,cust7654,38,1,1335
3040,cust2691,79,1,54690
3041,cust7703,163,1,7412
3042,cust3062,135,1,1422
3043,cust1339,100,1,268878
3044,cust4720,86,1,3582
3045,cust3538,189,1,7464
3046,cust5331,173,1,16512
3047,cust5544,63,1,12237
3048,cust3940,175,1,50067
3049,cust3090,114,1,4766
3050,cust5667,72,1,42271
3051,cust2949,221,1,30996
3052,cust7658,197,1,7426
3053,cust3379,58,1,7851
3054,cust5411,123,1,10701
3055,cust3037,51,1,21655
3056,cust7918,93,1,-1569
3057,cust5916,43,1,572
3058,cust878,94,1,19639
3059,cust3413,35,1,32352
3060,cust7204,150,1,30737
3061,cust5975,32,1,4292
3062,cust2682,101,1,39694
3063,cust8049,58,1,18220
3064,cust4007,51,1,57996
3065,cust1671,144,1,21719
3066,cust1504,70,2,25715
3067,cust6853,203,1,20478
3068,cust2090,324,1,-9907
3069,cust7485,53,1,73274
3070,cust7714,94,1,17649
3071,cust6855,39,1,2439
3072,cust207,63,2,24688
3073,cust5984,86,1,8113
3074,cust2504,123,1,9561
3075,cust1199,234,1,45711
3076,cust3131,74,1,24509
3077,cust7166,122,1,11235
3078,cust7440,15,1,14152
3079,cust4679,38,1,47519
3080,cust8260,32,1,1016
3081,cust2334,100,1,11502
3082,cust8267,38,1,22602
3083,cust5768,71,1,4794
3084,cust3727,71,1,13381
3085,cust7616,154,1,29202
3086,cust6895,53,1,1982
3087,cust729,288,2,-19842
3088,cust6555,50,1,130740
3089,cust2818,28,1,41840
3090,cust7058,46,1,3400
3091,cust5166,60,1,29697
3092,cust8366,220,1,6367
3093,cust7531,74,1,6785
3094,cust6967,64,1,7289
3095,cust7758,56,1,2547
3096,cust5182,37,1,1658
3097,cust4665,92,1,6401
3098,cust3951,108,1,2986
3099,cust1057,73,1,4251
3100,cust4150,98,1,9867
3101,cust8468,92,1,37978
3102,cust5527,98,1,26385
3103,cust3726,58,2,10845
3104,cust8521,184,1,5260
3105,cust1875,115,1,2129
3106,cust5909,238,1,2550
3107,cust8535,25,1,44202
3108,cust8565,108,1,15421
3109,cust8581,212,1,36463
3110,cust4236,115,1,2426
3111,cust4888,170,1,11664
3112,cust356,25,2,38759
3113,cust7421,84,1,512009
3114,cust8656,78,1,110902
3115,cust8721,78,1,29391
3116,cust1265,123,1,14817
3117,cust2886,176,1,-2995
3118,cust7682,148,1,28689
3119,cust6915,44,1,29211
3120,cust8753,51,1,26425
3121,cust7010,72,1,11162
3122,cust4008,63,1,10092
3123,cust3794,141,1,12384
3124,cust1327,45,3,15505
3125,cust8797,72,1,7199
3126,cust5848,154,1,19799
3127,cust2566,52,1,835
3128,cust3836,73,2,33114
3129,cust3967,45,1,3829
3130,cust4955,193,1,23480
3131,cust8854,45,1,16059
3132,cust4071,346,1,25843
3133,cust4350,50,1,25825
3134,cust5271,147,2,95773
3135,cust1962,113,1,40474
3136,cust6367,44,1,1654
3137,cust8902,51,1,34481
3138,cust7514,81,1,18353
3139,cust5996,120,2,29714
3140,cust6976,64,1,75343
3141,cust4339,108,1,33481
3142,cust2777,35,2,30007
3143,cust7856,87,1,8677
3144,cust3289,16,1,541
3145,cust1456,88,2,52974
3146,cust4677,45,1,3309
3147,cust9020,163,1,2192
3148,cust3204,57,2,26507
3149,cust2907,93,1,18453
3150,cust9046,77,1,13811
3151,cust5690,32,1,4657
3152,cust5926,345,1,-630
3153,cust9067,65,1,18581
3154,cust3648,87,1,5488
3155,cust9081,46,1,37706
3156,cust8865,23,1,1674
3157,cust2694,35,1,4334
3158,cust3315,91,1,11488
3159,cust5386,49,1,41926
3160,cust4745,126,1,60930
3161,cust6730,57,1,9060
3162,cust7226,185,1,22840
3163,cust3132,130,1,5098
3164,cust1990,51,1,29904
3165,cust3807,93,1,43632
3166,cust3522,198,1,7144
3167,cust7732,212,1,-1546
3168,cust2123,42,1,9224
3169,cust2031,57,1,16532
3170,cust9202,184,1,30048
3171,cust5244,59,2,7907
3172,cust3694,52,1,32155
3173,cust4675,28,1,25772
3174,cust1018,143,1,13004
3175,cust1412,21,2,3718
3176,cust6164,99,1,4629
3177,cust3880,60,1,4479
3178,cust4921,67,1,25002
3179,cust1093,95,1,10223
3180,cust5764,150,1,32502
3181,cust4207,338,1,-1387
3182,cust7506,102,1,25833
3183,cust9344,102,1,17606
3184,cust2304,52,2,284751
3185,cust9348,95,1,16341
3186,cust4036,85,1,36514
3187,cust6212,128,1,6321
3188,cust4068,65,1,4541
3189,cust2970,43,1,61061
3190,cust4927,49,1,1975
3191,cust4550,116,1,52613
3192,cust5010,116,2,64423
3193,cust4187,25,1,8650
3194,cust2971,101,1,1520
3195,cust40,169,1,39228
3196,cust8369,65,1,5097
3197,cust2600,72,1,24268
3198,cust8934,203,1,41162
3199,cust3087,38,1,4469
3200,cust9438,123,1,57499
3201,cust7191,59,1,7497
3202,cust3672,21,1,4990
3203,cust5818,88,1,21665
3204,cust8592,52,1,49089
3205,cust378,297,1,1240
3206,cust4299,119,1,21077
3207,cust3287,28,1,8143
3208,cust9517,67,1,1785
3209,cust4556,296,1,-2736
3210,cust7075,219,1,-1142
3211,cust9542,39,1,2361
3212,cust9549,23,1,2392
3213,cust2283,127,1,0
3214,cust9554,39,1,20440
3215,cust1341,35,1,8035
3216,cust9562,81,1,13400
3217,cust6204,50,1,29787
3218,cust9569,57,1,19562
3219,cust7102,23,2,102598
3220,cust3247,74,1,2744
3221,cust3700,84,1,5295
3222,cust6897,86,1,42754
3223,cust8841,191,1,74776
3224,cust2262,37,1,5444
3225,cust667,87,1,31828
3226,cust9620,17,1,1505
3227,cust2752,59,1,32110
3228,cust4516,43,1,30763
3229,cust8528,59,1,50048
3230,cust2150,109,1,43144
3231,cust7826,60,1,53295
3232,cust3145,29,1,34253
3233,cust3588,64,1,29761
3234,cust7976,189,1,-5488
3235,cust4049,120,1,104656
3236,cust1863,42,1,27091
3237,cust6489,52,1,1725
3238,cust9696,52,1,29277
3239,cust4691,65,1,98315
3240,cust3586,175,1,25531
3241,cust3074,29,1,3643
3242,cust7767,44,1,6565
3243,cust9735,46,1,69638
3244,cust9736,66,1,8113
3245,cust3787,246,1,-4849
3246,cust9742,157,1,12328
3247,cust8423,123,1,3685
3248,cust3453,217,1,26117
